Workbook

Sheet Instrucciones
A1: Calendario de vacunación y desparasitación (tu propio protocolo)
A2: Zoorigen · Club VIP · Versión 1.0 · 22 de octubre de 2026 · Material original de Zoorigen
B4: Para qué sirve
C5: Escribe el protocolo que define y autoriza tu médico veterinario responsable (qué actividad, cada cuánto) y registra cuándo se aplicó cada una: el libro calcula la próxima fecha, los días que faltan y marca lo vigente, lo que está por vencer y lo vencido. La hoja NO sugiere productos, dosis, esquemas ni intervalos: los pones tú.
B7: Qué hay en cada hoja
B8: Protocolo | C8: Tus actividades preventivas y cada cuánto se repiten. Es lo único que debes definir.
B9: Registro | C9: Cada aplicación realizada: ejemplar, actividad y fecha. Calcula la próxima fecha y el estado.
B10: Resumen | C10: Cuántas aplicaciones están vigentes, por vencer o vencidas, por actividad.
B12: Cómo usarlo, paso a paso
B13: Paso 1 | C13: En «Protocolo» borra los EJEMPLOS y escribe tus actividades con el nombre que uses (por ejemplo «Actividad A»), su tipo y cada cuánto se repite (número y unidad: días, semanas o meses). Usa lo que indique tu médico veterinario.
B14: Paso 2 | C14: En «Registro» elige el ejemplar, elige la actividad de la lista y escribe la fecha en que se aplicó. Anota el producto y el lote en la columna de texto si lo necesitas.
B15: Paso 3 | C15: Cada vez que se repita una actividad, agrega un renglón nuevo. El libro toma como vigente solo la aplicación más reciente de cada ejemplar y actividad; las anteriores aparecen como «Reemplazada».
B16: Paso 4 | C16: Mira la columna «Estado»: «Por vencer» aparece cuando faltan los días de aviso que definiste en el Protocolo (por defecto 30).
B17: Paso 5 | C17: Revisa «Resumen» al empezar cada semana.
B19: Colores y celdas
B20: Celdas blancas | C20: Son para que escribas o elijas de una lista.
B21: Celdas grises | C21: Se calculan solas con fórmulas: no las borres ni escribas encima.
B22: Filas de EJEMPLO | C22: Las filas marcadas con la palabra EJEMPLO (fondo dorado claro) solo muestran cómo se llena. Bórralas antes de empezar con tus datos reales: selecciona la fila y usa «Eliminar contenido» para conservar las fórmulas.
B24: Ten en cuenta
C25: Los intervalos y las actividades las define tu médico veterinario responsable. Este libro solo hace las cuentas de fechas.
C26: Para trámites oficiales usa los formatos que la autoridad te pida: esto es un registro interno.
B28: Aviso
C29: Material de apoyo de Zoorigen: no sustituye el criterio profesional ni la asesoría legal. Consulta siempre la normatividad vigente.

Sheet Protocolo
A1: Protocolo (lo defines tú)
A2: Zoorigen · Material de apoyo. Los nombres e intervalos del ejemplo son ilustrativos: NO son una recomendación.
A4: Actividad | B4: Tipo | C4: Se repite cada… | D4: Unidad | E4: Avisar con (días) | F4: Nota
A5: Actividad A (ejemplo) | B5: Vacunación | C5: 12 | D5: meses | E5: 30 | F5: EJEMPLO
A6: Actividad B (ejemplo) | B6: Desparasitación | C6: 3 | D6: meses | E6: 15 | F6: EJEMPLO
A7: Actividad C (ejemplo) | B7: Otra actividad preventiva | C7: 8 | D7: semanas | F7: EJEMPLO

Sheet Registro
A1: Registro de aplicaciones
A2: Zoorigen · Material de apoyo. Una fila por aplicación realizada.
A4: Ejemplar | B4: Actividad | C4: Tipo | D4: Fecha de aplicación | E4: Producto y lote (texto libre) | F4: Responsable | G4: Próxima fecha | H4: Días para vencer | I4: ¿Es la más reciente? | J4: Estado | K4: Nota
A5: EJ-001 | B5: Actividad A (ejemplo) | C5: =IF(B5="","",IFERROR(INDEX(Protocolo!$B$5:$B$54,MATCH(B5,Protocolo!$A$5:$A$54,0)),"")) | D5: 45977 | E5: Producto y lote (escríbelo tú) | F5: Nombre | G5: =IF(OR(B5="",D5=""),"",IFERROR(IF(INDEX(Protocolo!$D$5:$D$54,MATCH(B5,Protocolo!$A$5:$A$54,0))="meses",EDATE(D5,INDEX(Protocolo!$C$5:$C$54,MATCH(B5,Protocolo!$A$5:$A$54,0))),D5+INDEX(Protocolo!$C$5:$C$54,MATCH(B5,Protocolo!$A$5:$A$54,0))*IF(INDEX(Protocolo!$D$5:$D$54,MATCH(B5,Protocolo!$A$5:$A$54,0))="semanas",7,1)),"")) | H5: =IF(G5="","",G5-TODAY()) | I5: =IF(OR(A5="",B5="",D5=""),"",IF(D5=SUMPRODUCT(MAX(($A$5:$A$504=A5)*($B$5:$B$504=B5)*$D$5:$D$504)),"Sí","Reemplazada")) | J5: =IF(I5="","",IF(I5="Reemplazada","Reemplazada",IF(H5="","Sin fecha",IF(H5<0,"Vencida",IF(H5<=IFERROR(IF(INDEX(Protocolo!$E$5:$E$54,MATCH(B5,Protocolo!$A$5:$A$54,0))="",30,INDEX(Protocolo!$E$5:$E$54,MATCH(B5,Protocolo!$A$5:$A$54,0))),30),"Por vencer","Vigente"))))) | K5: EJEMPLO
A6: EJ-001 | B6: Actividad B (ejemplo) | C6: =IF(B6="","",IFERROR(INDEX(Protocolo!$B$5:$B$54,MATCH(B6,Protocolo!$A$5:$A$54,0)),"")) | D6: 46197 | E6: Producto y lote (escríbelo tú) | F6: Nombre | G6: =IF(OR(B6="",D6=""),"",IFERROR(IF(INDEX(Protocolo!$D$5:$D$54,MATCH(B6,Protocolo!$A$5:$A$54,0))="meses",EDATE(D6,INDEX(Protocolo!$C$5:$C$54,MATCH(B6,Protocolo!$A$5:$A$54,0))),D6+INDEX(Protocolo!$C$5:$C$54,MATCH(B6,Protocolo!$A$5:$A$54,0))*IF(INDEX(Protocolo!$D$5:$D$54,MATCH(B6,Protocolo!$A$5:$A$54,0))="semanas",7,1)),"")) | H6: =IF(G6="","",G6-TODAY()) | I6: =IF(OR(A6="",B6="",D6=""),"",IF(D6=SUMPRODUCT(MAX(($A$5:$A$504=A6)*($B$5:$B$504=B6)*$D$5:$D$504)),"Sí","Reemplazada")) | J6: =IF(I6="","",IF(I6="Reemplazada","Reemplazada",IF(H6="","Sin fecha",IF(H6<0,"Vencida",IF(H6<=IFERROR(IF(INDEX(Protocolo!$E$5:$E$54,MATCH(B6,Protocolo!$A$5:$A$54,0))="",30,INDEX(Protocolo!$E$5:$E$54,MATCH(B6,Protocolo!$A$5:$A$54,0))),30),"Por vencer","Vigente"))))) | K6: EJEMPLO
A7: EJ-002 | B7: Actividad A (ejemplo) | C7: =IF(B7="","",IFERROR(INDEX(Protocolo!$B$5:$B$54,MATCH(B7,Protocolo!$A$5:$A$54,0)),"")) | D7: 45917 | E7: Producto y lote (escríbelo tú) | F7: Nombre | G7: =IF(OR(B7="",D7=""),"",IFERROR(IF(INDEX(Protocolo!$D$5:$D$54,MATCH(B7,Protocolo!$A$5:$A$54,0))="meses",EDATE(D7,INDEX(Protocolo!$C$5:$C$54,MATCH(B7,Protocolo!$A$5:$A$54,0))),D7+INDEX(Protocolo!$C$5:$C$54,MATCH(B7,Protocolo!$A$5:$A$54,0))*IF(INDEX(Protocolo!$D$5:$D$54,MATCH(B7,Protocolo!$A$5:$A$54,0))="semanas",7,1)),"")) | H7: =IF(G7="","",G7-TODAY()) | I7: =IF(OR(A7="",B7="",D7=""),"",IF(D7=SUMPRODUCT(MAX(($A$5:$A$504=A7)*($B$5:$B$504=B7)*$D$5:$D$504)),"Sí","Reemplazada")) | J7: =IF(I7="","",IF(I7="Reemplazada","Reemplazada",IF(H7="","Sin fecha",IF(H7<0,"Vencida",IF(H7<=IFERROR(IF(INDEX(Protocolo!$E$5:$E$54,MATCH(B7,Protocolo!$A$5:$A$54,0))="",30,INDEX(Protocolo!$E$5:$E$54,MATCH(B7,Protocolo!$A$5:$A$54,0))),30),"Por vencer","Vigente"))))) | K7: EJEMPLO
A8: EJ-002 | B8: Actividad B (ejemplo) | C8: =IF(B8="","",IFERROR(INDEX(Protocolo!$B$5:$B$54,MATCH(B8,Protocolo!$A$5:$A$54,0)),"")) | D8: 46287 | F8: Nombre | G8: =IF(OR(B8="",D8=""),"",IFERROR(IF(INDEX(Protocolo!$D$5:$D$54,MATCH(B8,Protocolo!$A$5:$A$54,0))="meses",EDATE(D8,INDEX(Protocolo!$C$5:$C$54,MATCH(B8,Protocolo!$A$5:$A$54,0))),D8+INDEX(Protocolo!$C$5:$C$54,MATCH(B8,Protocolo!$A$5:$A$54,0))*IF(INDEX(Protocolo!$D$5:$D$54,MATCH(B8,Protocolo!$A$5:$A$54,0))="semanas",7,1)),"")) | H8: =IF(G8="","",G8-TODAY()) | I8: =IF(OR(A8="",B8="",D8=""),"",IF(D8=SUMPRODUCT(MAX(($A$5:$A$504=A8)*($B$5:$B$504=B8)*$D$5:$D$504)),"Sí","Reemplazada")) | J8: =IF(I8="","",IF(I8="Reemplazada","Reemplazada",IF(H8="","Sin fecha",IF(H8<0,"Vencida",IF(H8<=IFERROR(IF(INDEX(Protocolo!$E$5:$E$54,MATCH(B8,Protocolo!$A$5:$A$54,0))="",30,INDEX(Protocolo!$E$5:$E$54,MATCH(B8,Protocolo!$A$5:$A$54,0))),30),"Por vencer","Vigente"))))) | K8: EJEMPLO
A9: EJ-002 | B9: Actividad B (ejemplo) | C9: =IF(B9="","",IFERROR(INDEX(Protocolo!$B$5:$B$54,MATCH(B9,Protocolo!$A$5:$A$54,0)),"")) | D9: 46217 | F9: Nombre | G9: =IF(OR(B9="",D9=""),"",IFERROR(IF(INDEX(Protocolo!$D$5:$D$54,MATCH(B9,Protocolo!$A$5:$A$54,0))="meses",EDATE(D9,INDEX(Protocolo!$C$5:$C$54,MATCH(B9,Protocolo!$A$5:$A$54,0))),D9+INDEX(Protocolo!$C$5:$C$54,MATCH(B9,Protocolo!$A$5:$A$54,0))*IF(INDEX(Protocolo!$D$5:$D$54,MATCH(B9,Protocolo!$A$5:$A$54,0))="semanas",7,1)),"")) | H9: =IF(G9="","",G9-TODAY()) | I9: =IF(OR(A9="",B9="",D9=""),"",IF(D9=SUMPRODUCT(MAX(($A$5:$A$504=A9)*($B$5:$B$504=B9)*$D$5:$D$504)),"Sí","Reemplazada")) | J9: =IF(I9="","",IF(I9="Reemplazada","Reemplazada",IF(H9="","Sin fecha",IF(H9<0,"Vencida",IF(H9<=IFERROR(IF(INDEX(Protocolo!$E$5:$E$54,MATCH(B9,Protocolo!$A$5:$A$54,0))="",30,INDEX(Protocolo!$E$5:$E$54,MATCH(B9,Protocolo!$A$5:$A$54,0))),30),"Por vencer","Vigente"))))) | K9: EJEMPLO
A10: EJ-003 | B10: Actividad C (ejemplo) | C10: =IF(B10="","",IFERROR(INDEX(Protocolo!$B$5:$B$54,MATCH(B10,Protocolo!$A$5:$A$54,0)),"")) | D10: 46267 | F10: Nombre | G10: =IF(OR(B10="",D10=""),"",IFERROR(IF(INDEX(Protocolo!$D$5:$D$54,MATCH(B10,Protocolo!$A$5:$A$54,0))="meses",EDATE(D10,INDEX(Protocolo!$C$5:$C$54,MATCH(B10,Protocolo!$A$5:$A$54,0))),D10+INDEX(Protocolo!$C$5:$C$54,MATCH(B10,Protocolo!$A$5:$A$54,0))*IF(INDEX(Protocolo!$D$5:$D$54,MATCH(B10,Protocolo!$A$5:$A$54,0))="semanas",7,1)),"")) | H10: =IF(G10="","",G10-TODAY()) | I10: =IF(OR(A10="",B10="",D10=""),"",IF(D10=SUMPRODUCT(MAX(($A$5:$A$504=A10)*($B$5:$B$504=B10)*$D$5:$D$504)),"Sí","Reemplazada")) | J10: =IF(I10="","",IF(I10="Reemplazada","Reemplazada",IF(H10="","Sin fecha",IF(H10<0,"Vencida",IF(H10<=IFERROR(IF(INDEX(Protocolo!$E$5:$E$54,MATCH(B10,Protocolo!$A$5:$A$54,0))="",30,INDEX(Protocolo!$E$5:$E$54,MATCH(B10,Protocolo!$A$5:$A$54,0))),30),"Por vencer","Vigente"))))) | K10: EJEMPLO
C11: =IF(B11="","",IFERROR(INDEX(Protocolo!$B$5:$B$54,MATCH(B11,Protocolo!$A$5:$A$54,0)),"")) | G11: =IF(OR(B11="",D11=""),"",IFERROR(IF(INDEX(Protocolo!$D$5:$D$54,MATCH(B11,Protocolo!$A$5:$A$54,0))="meses",EDATE(D11,INDEX(Protocolo!$C$5:$C$54,MATCH(B11,Protocolo!$A$5:$A$54,0))),D11+INDEX(Protocolo!$C$5:$C$54,MATCH(B11,Protocolo!$A$5:$A$54,0))*IF(INDEX(Protocolo!$D$5:$D$54,MATCH(B11,Protocolo!$A$5:$A$54,0))="semanas",7,1)),"")) | H11: =IF(G11="","",G11-TODAY()) | I11: =IF(OR(A11="",B11="",D11=""),"",IF(D11=SUMPRODUCT(MAX(($A$5:$A$504=A11)*($B$5:$B$504=B11)*$D$5:$D$504)),"Sí","Reemplazada")) | J11: =IF(I11="","",IF(I11="Reemplazada","Reemplazada",IF(H11="","Sin fecha",IF(H11<0,"Vencida",IF(H11<=IFERROR(IF(INDEX(Protocolo!$E$5:$E$54,MATCH(B11,Protocolo!$A$5:$A$54,0))="",30,INDEX(Protocolo!$E$5:$E$54,MATCH(B11,Protocolo!$A$5:$A$54,0))),30),"Por vencer","Vigente")))))
C12: =IF(B12="","",IFERROR(INDEX(Protocolo!$B$5:$B$54,MATCH(B12,Protocolo!$A$5:$A$54,0)),"")) | G12: =IF(OR(B12="",D12=""),"",IFERROR(IF(INDEX(Protocolo!$D$5:$D$54,MATCH(B12,Protocolo!$A$5:$A$54,0))="meses",EDATE(D12,INDEX(Protocolo!$C$5:$C$54,MATCH(B12,Protocolo!$A$5:$A$54,0))),D12+INDEX(Protocolo!$C$5:$C$54,MATCH(B12,Protocolo!$A$5:$A$54,0))*IF(INDEX(Protocolo!$D$5:$D$54,MATCH(B12,Protocolo!$A$5:$A$54,0))="semanas",7,1)),"")) | H12: =IF(G12="","",G12-TODAY()) | I12: =IF(OR(A12="",B12="",D12=""),"",IF(D12=SUMPRODUCT(MAX(($A$5:$A$504=A12)*($B$5:$B$504=B12)*$D$5:$D$504)),"Sí","Reemplazada")) | J12: =IF(I12="","",IF(I12="Reemplazada","Reemplazada",IF(H12="","Sin fecha",IF(H12<0,"Vencida",IF(H12<=IFERROR(IF(INDEX(Protocolo!$E$5:$E$54,MATCH(B12,Protocolo!$A$5:$A$54,0))="",30,INDEX(Protocolo!$E$5:$E$54,MATCH(B12,Protocolo!$A$5:$A$54,0))),30),"Por vencer","Vigente")))))
C13: =IF(B13="","",IFERROR(INDEX(Protocolo!$B$5:$B$54,MATCH(B13,Protocolo!$A$5:$A$54,0)),"")) | G13: =IF(OR(B13="",D13=""),"",IFERROR(IF(INDEX(Protocolo!$D$5:$D$54,MATCH(B13,Protocolo!$A$5:$A$54,0))="meses",EDATE(D13,INDEX(Protocolo!$C$5:$C$54,MATCH(B13,Protocolo!$A$5:$A$54,0))),D13+INDEX(Protocolo!$C$5:$C$54,MATCH(B13,Protocolo!$A$5:$A$54,0))*IF(INDEX(Protocolo!$D$5:$D$54,MATCH(B13,Protocolo!$A$5:$A$54,0))="semanas",7,1)),"")) | H13: =IF(G13="","",G13-TODAY()) | I13: =IF(OR(A13="",B13="",D13=""),"",IF(D13=SUMPRODUCT(MAX(($A$5:$A$504=A13)*($B$5:$B$504=B13)*$D$5:$D$504)),"Sí","Reemplazada")) | J13: =IF(I13="","",IF(I13="Reemplazada","Reemplazada",IF(H13="","Sin fecha",IF(H13<0,"Vencida",IF(H13<=IFERROR(IF(INDEX(Protocolo!$E$5:$E$54,MATCH(B13,Protocolo!$A$5:$A$54,0))="",30,INDEX(Protocolo!$E$5:$E$54,MATCH(B13,Protocolo!$A$5:$A$54,0))),30),"Por vencer","Vigente")))))
C14: =IF(B14="","",IFERROR(INDEX(Protocolo!$B$5:$B$54,MATCH(B14,Protocolo!$A$5:$A$54,0)),"")) | G14: =IF(OR(B14="",D14=""),"",IFERROR(IF(INDEX(Protocolo!$D$5:$D$54,MATCH(B14,Protocolo!$A$5:$A$54,0))="meses",EDATE(D14,INDEX(Protocolo!$C$5:$C$54,MATCH(B14,Protocolo!$A$5:$A$54,0))),D14+INDEX(Protocolo!$C$5:$C$54,MATCH(B14,Protocolo!$A$5:$A$54,0))*IF(INDEX(Protocolo!$D$5:$D$54,MATCH(B14,Protocolo!$A$5:$A$54,0))="semanas",7,1)),"")) | H14: =IF(G14="","",G14-TODAY()) | I14: =IF(OR(A14="",B14="",D14=""),"",IF(D14=SUMPRODUCT(MAX(($A$5:$A$504=A14)*($B$5:$B$504=B14)*$D$5:$D$504)),"Sí","Reemplazada")) | J14: =IF(I14="","",IF(I14="Reemplazada","Reemplazada",IF(H14="","Sin fecha",IF(H14<0,"Vencida",IF(H14<=IFERROR(IF(INDEX(Protocolo!$E$5:$E$54,MATCH(B14,Protocolo!$A$5:$A$54,0))="",30,INDEX(Protocolo!$E$5:$E$54,MATCH(B14,Protocolo!$A$5:$A$54,0))),30),"Por vencer","Vigente")))))
C15: =IF(B15="","",IFERROR(INDEX(Protocolo!$B$5:$B$54,MATCH(B15,Protocolo!$A$5:$A$54,0)),"")) | G15: =IF(OR(B15="",D15=""),"",IFERROR(IF(INDEX(Protocolo!$D$5:$D$54,MATCH(B15,Protocolo!$A$5:$A$54,0))="meses",EDATE(D15,INDEX(Protocolo!$C$5:$C$54,MATCH(B15,Protocolo!$A$5:$A$54,0))),D15+INDEX(Protocolo!$C$5:$C$54,MATCH(B15,Protocolo!$A$5:$A$54,0))*IF(INDEX(Protocolo!$D$5:$D$54,MATCH(B15,Protocolo!$A$5:$A$54,0))="semanas",7,1)),"")) | H15: =IF(G15="","",G15-TODAY()) | I15: =IF(OR(A15="",B15="",D15=""),"",IF(D15=SUMPRODUCT(MAX(($A$5:$A$504=A15)*($B$5:$B$504=B15)*$D$5:$D$504)),"Sí","Reemplazada")) | J15: =IF(I15="","",IF(I15="Reemplazada","Reemplazada",IF(H15="","Sin fecha",IF(H15<0,"Vencida",IF(H15<=IFERROR(IF(INDEX(Protocolo!$E$5:$E$54,MATCH(B15,Protocolo!$A$5:$A$54,0))="",30,INDEX(Protocolo!$E$5:$E$54,MATCH(B15,Protocolo!$A$5:$A$54,0))),30),"Por vencer","Vigente")))))
C16: =IF(B16="","",IFERROR(INDEX(Protocolo!$B$5:$B$54,MATCH(B16,Protocolo!$A$5:$A$54,0)),"")) | G16: =IF(OR(B16="",D16=""),"",IFERROR(IF(INDEX(Protocolo!$D$5:$D$54,MATCH(B16,Protocolo!$A$5:$A$54,0))="meses",EDATE(D16,INDEX(Protocolo!$C$5:$C$54,MATCH(B16,Protocolo!$A$5:$A$54,0))),D16+INDEX(Protocolo!$C$5:$C$54,MATCH(B16,Protocolo!$A$5:$A$54,0))*IF(INDEX(Protocolo!$D$5:$D$54,MATCH(B16,Protocolo!$A$5:$A$54,0))="semanas",7,1)),"")) | H16: =IF(G16="","",G16-TODAY()) | I16: =IF(OR(A16="",B16="",D16=""),"",IF(D16=SUMPRODUCT(MAX(($A$5:$A$504=A16)*($B$5:$B$504=B16)*$D$5:$D$504)),"Sí","Reemplazada")) | J16: =IF(I16="","",IF(I16="Reemplazada","Reemplazada",IF(H16="","Sin fecha",IF(H16<0,"Vencida",IF(H16<=IFERROR(IF(INDEX(Protocolo!$E$5:$E$54,MATCH(B16,Protocolo!$A$5:$A$54,0))="",30,INDEX(Protocolo!$E$5:$E$54,MATCH(B16,Protocolo!$A$5:$A$54,0))),30),"Por vencer","Vigente")))))
C17: =IF(B17="","",IFERROR(INDEX(Protocolo!$B$5:$B$54,MATCH(B17,Protocolo!$A$5:$A$54,0)),"")) | G17: =IF(OR(B17="",D17=""),"",IFERROR(IF(INDEX(Protocolo!$D$5:$D$54,MATCH(B17,Protocolo!$A$5:$A$54,0))="meses",EDATE(D17,INDEX(Protocolo!$C$5:$C$54,MATCH(B17,Protocolo!$A$5:$A$54,0))),D17+INDEX(Protocolo!$C$5:$C$54,MATCH(B17,Protocolo!$A$5:$A$54,0))*IF(INDEX(Protocolo!$D$5:$D$54,MATCH(B17,Protocolo!$A$5:$A$54,0))="semanas",7,1)),"")) | H17: =IF(G17="","",G17-TODAY()) | I17: =IF(OR(A17="",B17="",D17=""),"",IF(D17=SUMPRODUCT(MAX(($A$5:$A$504=A17)*($B$5:$B$504=B17)*$D$5:$D$504)),"Sí","Reemplazada")) | J17: =IF(I17="","",IF(I17="Reemplazada","Reemplazada",IF(H17="","Sin fecha",IF(H17<0,"Vencida",IF(H17<=IFERROR(IF(INDEX(Protocolo!$E$5:$E$54,MATCH(B17,Protocolo!$A$5:$A$54,0))="",30,INDEX(Protocolo!$E$5:$E$54,MATCH(B17,Protocolo!$A$5:$A$54,0))),30),"Por vencer","Vigente")))))
C18: =IF(B18="","",IFERROR(INDEX(Protocolo!$B$5:$B$54,MATCH(B18,Protocolo!$A$5:$A$54,0)),"")) | G18: =IF(OR(B18="",D18=""),"",IFERROR(IF(INDEX(Protocolo!$D$5:$D$54,MATCH(B18,Protocolo!$A$5:$A$54,0))="meses",EDATE(D18,INDEX(Protocolo!$C$5:$C$54,MATCH(B18,Protocolo!$A$5:$A$54,0))),D18+INDEX(Protocolo!$C$5:$C$54,MATCH(B18,Protocolo!$A$5:$A$54,0))*IF(INDEX(Protocolo!$D$5:$D$54,MATCH(B18,Protocolo!$A$5:$A$54,0))="semanas",7,1)),"")) | H18: =IF(G18="","",G18-TODAY()) | I18: =IF(OR(A18="",B18="",D18=""),"",IF(D18=SUMPRODUCT(MAX(($A$5:$A$504=A18)*($B$5:$B$504=B18)*$D$5:$D$504)),"Sí","Reemplazada")) | J18: =IF(I18="","",IF(I18="Reemplazada","Reemplazada",IF(H18="","Sin fecha",IF(H18<0,"Vencida",IF(H18<=IFERROR(IF(INDEX(Protocolo!$E$5:$E$54,MATCH(B18,Protocolo!$A$5:$A$54,0))="",30,INDEX(Protocolo!$E$5:$E$54,MATCH(B18,Protocolo!$A$5:$A$54,0))),30),"Por vencer","Vigente")))))
C19: =IF(B19="","",IFERROR(INDEX(Protocolo!$B$5:$B$54,MATCH(B19,Protocolo!$A$5:$A$54,0)),"")) | G19: =IF(OR(B19="",D19=""),"",IFERROR(IF(INDEX(Protocolo!$D$5:$D$54,MATCH(B19,Protocolo!$A$5:$A$54,0))="meses",EDATE(D19,INDEX(Protocolo!$C$5:$C$54,MATCH(B19,Protocolo!$A$5:$A$54,0))),D19+INDEX(Protocolo!$C$5:$C$54,MATCH(B19,Protocolo!$A$5:$A$54,0))*IF(INDEX(Protocolo!$D$5:$D$54,MATCH(B19,Protocolo!$A$5:$A$54,0))="semanas",7,1)),"")) | H19: =IF(G19="","",G19-TODAY()) | I19: =IF(OR(A19="",B19="",D19=""),"",IF(D19=SUMPRODUCT(MAX(($A$5:$A$504=A19)*($B$5:$B$504=B19)*$D$5:$D$504)),"Sí","Reemplazada")) | J19: =IF(I19="","",IF(I19="Reemplazada","Reemplazada",IF(H19="","Sin fecha",IF(H19<0,"Vencida",IF(H19<=IFERROR(IF(INDEX(Protocolo!$E$5:$E$54,MATCH(B19,Protocolo!$A$5:$A$54,0))="",30,INDEX(Protocolo!$E$5:$E$54,MATCH(B19,Protocolo!$A$5:$A$54,0))),30),"Por vencer","Vigente")))))
C20: =IF(B20="","",IFERROR(INDEX(Protocolo!$B$5:$B$54,MATCH(B20,Protocolo!$A$5:$A$54,0)),"")) | G20: =IF(OR(B20="",D20=""),"",IFERROR(IF(INDEX(Protocolo!$D$5:$D$54,MATCH(B20,Protocolo!$A$5:$A$54,0))="meses",EDATE(D20,INDEX(Protocolo!$C$5:$C$54,MATCH(B20,Protocolo!$A$5:$A$54,0))),D20+INDEX(Protocolo!$C$5:$C$54,MATCH(B20,Protocolo!$A$5:$A$54,0))*IF(INDEX(Protocolo!$D$5:$D$54,MATCH(B20,Protocolo!$A$5:$A$54,0))="semanas",7,1)),"")) | H20: =IF(G20="","",G20-TODAY()) | I20: =IF(OR(A20="",B20="",D20=""),"",IF(D20=SUMPRODUCT(MAX(($A$5:$A$504=A20)*($B$5:$B$504=B20)*$D$5:$D$504)),"Sí","Reemplazada")) | J20: =IF(I20="","",IF(I20="Reemplazada","Reemplazada",IF(H20="","Sin fecha",IF(H20<0,"Vencida",IF(H20<=IFERROR(IF(INDEX(Protocolo!$E$5:$E$54,MATCH(B20,Protocolo!$A$5:$A$54,0))="",30,INDEX(Protocolo!$E$5:$E$54,MATCH(B20,Protocolo!$A$5:$A$54,0))),30),"Por vencer","Vigente")))))
C21: =IF(B21="","",IFERROR(INDEX(Protocolo!$B$5:$B$54,MATCH(B21,Protocolo!$A$5:$A$54,0)),"")) | G21: =IF(OR(B21="",D21=""),"",IFERROR(IF(INDEX(Protocolo!$D$5:$D$54,MATCH(B21,Protocolo!$A$5:$A$54,0))="meses",EDATE(D21,INDEX(Protocolo!$C$5:$C$54,MATCH(B21,Protocolo!$A$5:$A$54,0))),D21+INDEX(Protocolo!$C$5:$C$54,MATCH(B21,Protocolo!$A$5:$A$54,0))*IF(INDEX(Protocolo!$D$5:$D$54,MATCH(B21,Protocolo!$A$5:$A$54,0))="semanas",7,1)),"")) | H21: =IF(G21="","",G21-TODAY()) | I21: =IF(OR(A21="",B21="",D21=""),"",IF(D21=SUMPRODUCT(MAX(($A$5:$A$504=A21)*($B$5:$B$504=B21)*$D$5:$D$504)),"Sí","Reemplazada")) | J21: =IF(I21="","",IF(I21="Reemplazada","Reemplazada",IF(H21="","Sin fecha",IF(H21<0,"Vencida",IF(H21<=IFERROR(IF(INDEX(Protocolo!$E$5:$E$54,MATCH(B21,Protocolo!$A$5:$A$54,0))="",30,INDEX(Protocolo!$E$5:$E$54,MATCH(B21,Protocolo!$A$5:$A$54,0))),30),"Por vencer","Vigente")))))
C22: =IF(B22="","",IFERROR(INDEX(Protocolo!$B$5:$B$54,MATCH(B22,Protocolo!$A$5:$A$54,0)),"")) | G22: =IF(OR(B22="",D22=""),"",IFERROR(IF(INDEX(Protocolo!$D$5:$D$54,MATCH(B22,Protocolo!$A$5:$A$54,0))="meses",EDATE(D22,INDEX(Protocolo!$C$5:$C$54,MATCH(B22,Protocolo!$A$5:$A$54,0))),D22+INDEX(Protocolo!$C$5:$C$54,MATCH(B22,Protocolo!$A$5:$A$54,0))*IF(INDEX(Protocolo!$D$5:$D$54,MATCH(B22,Protocolo!$A$5:$A$54,0))="semanas",7,1)),"")) | H22: =IF(G22="","",G22-TODAY()) | I22: =IF(OR(A22="",B22="",D22=""),"",IF(D22=SUMPRODUCT(MAX(($A$5:$A$504=A22)*($B$5:$B$504=B22)*$D$5:$D$504)),"Sí","Reemplazada")) | J22: =IF(I22="","",IF(I22="Reemplazada","Reemplazada",IF(H22="","Sin fecha",IF(H22<0,"Vencida",IF(H22<=IFERROR(IF(INDEX(Protocolo!$E$5:$E$54,MATCH(B22,Protocolo!$A$5:$A$54,0))="",30,INDEX(Protocolo!$E$5:$E$54,MATCH(B22,Protocolo!$A$5:$A$54,0))),30),"Por vencer","Vigente")))))
... C504: =IF(B504="","",IFERROR(INDEX(Protocolo!$B$5:$B$54,MATCH(B504,Protocolo!$A$5:$A$54,0)),"")) | G504: =IF(OR(B504="",D504=""),"",IFERROR(IF(INDEX(Protocolo!$D$5:$D$54,MATCH(B504,Protocolo!$A$5:$A$54,0))="meses",EDATE(D504,INDEX(Protocolo!$C$5:$C$54,MATCH(B504,Protocolo!$A$5:$A$54,0))),D504+INDEX(Protocolo!$C$5:$C$54,MATCH(B504,Protocolo!$A$5:$A$54,0))*IF(INDEX(Protocolo!$D$5:$D$54,MATCH(B504,Protocolo!$A$5:$A$54,0))="semanas",7,1)),"")) | H504: =IF(G504="","",G504-TODAY()) | I504: =IF(OR(A504="",B504="",D504=""),"",IF(D504=SUMPRODUCT(MAX(($A$5:$A$504=A504)*($B$5:$B$504=B504)*$D$5:$D$504)),"Sí","Reemplazada")) | J504: =IF(I504="","",IF(I504="Reemplazada","Reemplazada",IF(H504="","Sin fecha",IF(H504<0,"Vencida",IF(H504<=IFERROR(IF(INDEX(Protocolo!$E$5:$E$54,MATCH(B504,Protocolo!$A$5:$A$54,0))="",30,INDEX(Protocolo!$E$5:$E$54,MATCH(B504,Protocolo!$A$5:$A$54,0))),30),"Por vencer","Vigente")))))

Sheet Resumen
A1: Resumen por actividad
A2: Cuenta solo la aplicación más reciente de cada ejemplar y actividad.
A4: Actividad | B4: Vigentes | C4: Por vencer | D4: Vencidas | E4: Con registro
A5: =IF(Protocolo!A5="","",Protocolo!A5) | B5: =IF($A5="","",COUNTIFS(Registro!$B$5:$B$504,$A5,Registro!$J$5:$J$504,"Vigente")) | C5: =IF($A5="","",COUNTIFS(Registro!$B$5:$B$504,$A5,Registro!$J$5:$J$504,"Por vencer")) | D5: =IF($A5="","",COUNTIFS(Registro!$B$5:$B$504,$A5,Registro!$J$5:$J$504,"Vencida")) | E5: =IF($A5="","",SUM(B5:D5))
A6: =IF(Protocolo!A6="","",Protocolo!A6) | B6: =IF($A6="","",COUNTIFS(Registro!$B$5:$B$504,$A6,Registro!$J$5:$J$504,"Vigente")) | C6: =IF($A6="","",COUNTIFS(Registro!$B$5:$B$504,$A6,Registro!$J$5:$J$504,"Por vencer")) | D6: =IF($A6="","",COUNTIFS(Registro!$B$5:$B$504,$A6,Registro!$J$5:$J$504,"Vencida")) | E6: =IF($A6="","",SUM(B6:D6))
A7: =IF(Protocolo!A7="","",Protocolo!A7) | B7: =IF($A7="","",COUNTIFS(Registro!$B$5:$B$504,$A7,Registro!$J$5:$J$504,"Vigente")) | C7: =IF($A7="","",COUNTIFS(Registro!$B$5:$B$504,$A7,Registro!$J$5:$J$504,"Por vencer")) | D7: =IF($A7="","",COUNTIFS(Registro!$B$5:$B$504,$A7,Registro!$J$5:$J$504,"Vencida")) | E7: =IF($A7="","",SUM(B7:D7))
A8: =IF(Protocolo!A8="","",Protocolo!A8) | B8: =IF($A8="","",COUNTIFS(Registro!$B$5:$B$504,$A8,Registro!$J$5:$J$504,"Vigente")) | C8: =IF($A8="","",COUNTIFS(Registro!$B$5:$B$504,$A8,Registro!$J$5:$J$504,"Por vencer")) | D8: =IF($A8="","",COUNTIFS(Registro!$B$5:$B$504,$A8,Registro!$J$5:$J$504,"Vencida")) | E8: =IF($A8="","",SUM(B8:D8))
A9: =IF(Protocolo!A9="","",Protocolo!A9) | B9: =IF($A9="","",COUNTIFS(Registro!$B$5:$B$504,$A9,Registro!$J$5:$J$504,"Vigente")) | C9: =IF($A9="","",COUNTIFS(Registro!$B$5:$B$504,$A9,Registro!$J$5:$J$504,"Por vencer")) | D9: =IF($A9="","",COUNTIFS(Registro!$B$5:$B$504,$A9,Registro!$J$5:$J$504,"Vencida")) | E9: =IF($A9="","",SUM(B9:D9))
A10: =IF(Protocolo!A10="","",Protocolo!A10) | B10: =IF($A10="","",COUNTIFS(Registro!$B$5:$B$504,$A10,Registro!$J$5:$J$504,"Vigente")) | C10: =IF($A10="","",COUNTIFS(Registro!$B$5:$B$504,$A10,Registro!$J$5:$J$504,"Por vencer")) | D10: =IF($A10="","",COUNTIFS(Registro!$B$5:$B$504,$A10,Registro!$J$5:$J$504,"Vencida")) | E10: =IF($A10="","",SUM(B10:D10))
A11: =IF(Protocolo!A11="","",Protocolo!A11) | B11: =IF($A11="","",COUNTIFS(Registro!$B$5:$B$504,$A11,Registro!$J$5:$J$504,"Vigente")) | C11: =IF($A11="","",COUNTIFS(Registro!$B$5:$B$504,$A11,Registro!$J$5:$J$504,"Por vencer")) | D11: =IF($A11="","",COUNTIFS(Registro!$B$5:$B$504,$A11,Registro!$J$5:$J$504,"Vencida")) | E11: =IF($A11="","",SUM(B11:D11))
A12: =IF(Protocolo!A12="","",Protocolo!A12) | B12: =IF($A12="","",COUNTIFS(Registro!$B$5:$B$504,$A12,Registro!$J$5:$J$504,"Vigente")) | C12: =IF($A12="","",COUNTIFS(Registro!$B$5:$B$504,$A12,Registro!$J$5:$J$504,"Por vencer")) | D12: =IF($A12="","",COUNTIFS(Registro!$B$5:$B$504,$A12,Registro!$J$5:$J$504,"Vencida")) | E12: =IF($A12="","",SUM(B12:D12))
A13: =IF(Protocolo!A13="","",Protocolo!A13) | B13: =IF($A13="","",COUNTIFS(Registro!$B$5:$B$504,$A13,Registro!$J$5:$J$504,"Vigente")) | C13: =IF($A13="","",COUNTIFS(Registro!$B$5:$B$504,$A13,Registro!$J$5:$J$504,"Por vencer")) | D13: =IF($A13="","",COUNTIFS(Registro!$B$5:$B$504,$A13,Registro!$J$5:$J$504,"Vencida")) | E13: =IF($A13="","",SUM(B13:D13))
A14: =IF(Protocolo!A14="","",Protocolo!A14) | B14: =IF($A14="","",COUNTIFS(Registro!$B$5:$B$504,$A14,Registro!$J$5:$J$504,"Vigente")) | C14: =IF($A14="","",COUNTIFS(Registro!$B$5:$B$504,$A14,Registro!$J$5:$J$504,"Por vencer")) | D14: =IF($A14="","",COUNTIFS(Registro!$B$5:$B$504,$A14,Registro!$J$5:$J$504,"Vencida")) | E14: =IF($A14="","",SUM(B14:D14))
A15: =IF(Protocolo!A15="","",Protocolo!A15) | B15: =IF($A15="","",COUNTIFS(Registro!$B$5:$B$504,$A15,Registro!$J$5:$J$504,"Vigente")) | C15: =IF($A15="","",COUNTIFS(Registro!$B$5:$B$504,$A15,Registro!$J$5:$J$504,"Por vencer")) | D15: =IF($A15="","",COUNTIFS(Registro!$B$5:$B$504,$A15,Registro!$J$5:$J$504,"Vencida")) | E15: =IF($A15="","",SUM(B15:D15))
A16: =IF(Protocolo!A16="","",Protocolo!A16) | B16: =IF($A16="","",COUNTIFS(Registro!$B$5:$B$504,$A16,Registro!$J$5:$J$504,"Vigente")) | C16: =IF($A16="","",COUNTIFS(Registro!$B$5:$B$504,$A16,Registro!$J$5:$J$504,"Por vencer")) | D16: =IF($A16="","",COUNTIFS(Registro!$B$5:$B$504,$A16,Registro!$J$5:$J$504,"Vencida")) | E16: =IF($A16="","",SUM(B16:D16))
... A24: =IF(Protocolo!A24="","",Protocolo!A24) | B24: =IF($A24="","",COUNTIFS(Registro!$B$5:$B$504,$A24,Registro!$J$5:$J$504,"Vigente")) | C24: =IF($A24="","",COUNTIFS(Registro!$B$5:$B$504,$A24,Registro!$J$5:$J$504,"Por vencer")) | D24: =IF($A24="","",COUNTIFS(Registro!$B$5:$B$504,$A24,Registro!$J$5:$J$504,"Vencida")) | E24: =IF($A24="","",SUM(B24:D24))
