Workbook

Sheet Instrucciones
A1: Control de alimentación por recinto
A2: Zoorigen · Club VIP · Versión 1.0 · 22 de octubre de 2026 · Material original de Zoorigen
B4: Para qué sirve
C5: Anota cuánto alimento se ofrece y cuánto sobra en cada recinto y la hoja calcula lo consumido, el porcentaje de consumo y el costo. Sirve para llevar el control de tu inventario de alimento y detectar cambios en el consumo que valga la pena comentar con tu médico veterinario. NO define dietas, raciones ni cantidades: eso lo hace el responsable técnico de cada especie.
B7: Qué hay en cada hoja
B8: Recintos | C8: Tus recintos y cuántos animales hay en cada uno.
B9: Alimentos | C9: Los alimentos que manejas, su unidad y su costo por unidad (opcional).
B10: Registro | C10: Una fila por alimento ofrecido en un recinto en una fecha.
B11: Resumen | C11: Totales por recinto en el periodo que elijas.
B13: Cómo usarlo, paso a paso
B14: Paso 1 | C14: En «Recintos» y «Alimentos» borra los EJEMPLOS y escribe los tuyos. El costo por unidad es opcional.
B15: Paso 2 | C15: En «Registro» escribe la fecha, elige el recinto y el alimento, y escribe la cantidad ofrecida y la sobrante (en la unidad del alimento).
B16: Paso 3 | C16: La hoja calcula la cantidad consumida, el porcentaje consumido y el costo del alimento ofrecido.
B17: Paso 4 | C17: En «Resumen» elige las fechas «Desde» y «Hasta» para ver los totales por recinto.
B18: Paso 5 | C18: Si el consumo de un recinto cambia mucho respecto a lo habitual, avísalo a tu médico veterinario o biólogo responsable.
B20: Colores y celdas
B21: Celdas blancas | C21: Son para que escribas o elijas de una lista.
B22: Celdas grises | C22: Se calculan solas con fórmulas: no las borres ni escribas encima.
B23: Filas de EJEMPLO | C23: Las filas marcadas con la palabra EJEMPLO (fondo dorado claro) solo muestran cómo se llena. Bórralas antes de empezar con tus datos reales: selecciona la fila y usa «Eliminar contenido» para conservar las fórmulas.
B25: Ten en cuenta
C26: Las cantidades son las que tú registras: el libro no sugiere cantidades ni dietas.
C27: Un porcentaje bajo de consumo no es un diagnóstico por sí solo: es una alerta para observar.
B29: Aviso
C30: Material de apoyo de Zoorigen: no sustituye el criterio profesional ni la asesoría legal. Consulta siempre la normatividad vigente.

Sheet Recintos
A1: Recintos
A2: Zoorigen · Material de apoyo
A4: Recinto | B4: Especie o grupo | C4: N.º de animales | D4: Nota
A5: Recinto 1 (ejemplo) | B5: Grupo A (ejemplo) | C5: 4 | D5: EJEMPLO
A6: Recinto 2 (ejemplo) | B6: Grupo B (ejemplo) | C6: 2 | D6: EJEMPLO
A7: Recinto 3 (ejemplo) | B7: Grupo C (ejemplo) | C7: 6 | D7: EJEMPLO

Sheet Alimentos
A1: Alimentos
A2: Zoorigen · Material de apoyo. El costo es opcional y ilustrativo en el ejemplo.
A4: Alimento | B4: Unidad | C4: Costo por unidad | D4: Nota
A5: Alimento A (ejemplo) | B5: kg | C5: 30 | D5: EJEMPLO
A6: Alimento B (ejemplo) | B6: kg | C6: 55 | D6: EJEMPLO
A7: Alimento C (ejemplo) | B7: pieza | C7: 4.5 | D7: EJEMPLO

Sheet Registro
A1: Registro de alimentación
A2: Zoorigen · Material de apoyo. Una fila por alimento y recinto.
A4: Fecha | B4: Recinto | C4: Alimento | D4: Unidad | E4: Cantidad ofrecida | F4: Cantidad sobrante | G4: Consumida | H4: % consumido | I4: Costo ofrecido | J4: Responsable | K4: Observaciones | L4: Nota
A5: 46311 | B5: Recinto 1 (ejemplo) | C5: Alimento A (ejemplo) | D5: =IF(C5="","",IFERROR(INDEX(Alimentos!$B$5:$B$104,MATCH(C5,Alimentos!$A$5:$A$104,0)),"")) | E5: 8 | F5: 1 | G5: =IF(OR(E5="",F5=""),"",E5-F5) | H5: =IF(OR(G5="",E5="",E5=0),"",G5/E5) | I5: =IF(OR(E5="",C5=""),"",IFERROR(E5*INDEX(Alimentos!$C$5:$C$104,MATCH(C5,Alimentos!$A$5:$A$104,0)),"")) | J5: Nombre | L5: EJEMPLO
A6: 46311 | B6: Recinto 2 (ejemplo) | C6: Alimento B (ejemplo) | D6: =IF(C6="","",IFERROR(INDEX(Alimentos!$B$5:$B$104,MATCH(C6,Alimentos!$A$5:$A$104,0)),"")) | E6: 3 | F6: 0.2 | G6: =IF(OR(E6="",F6=""),"",E6-F6) | H6: =IF(OR(G6="",E6="",E6=0),"",G6/E6) | I6: =IF(OR(E6="",C6=""),"",IFERROR(E6*INDEX(Alimentos!$C$5:$C$104,MATCH(C6,Alimentos!$A$5:$A$104,0)),"")) | J6: Nombre | L6: EJEMPLO
A7: 46312 | B7: Recinto 1 (ejemplo) | C7: Alimento A (ejemplo) | D7: =IF(C7="","",IFERROR(INDEX(Alimentos!$B$5:$B$104,MATCH(C7,Alimentos!$A$5:$A$104,0)),"")) | E7: 8 | F7: 2.5 | G7: =IF(OR(E7="",F7=""),"",E7-F7) | H7: =IF(OR(G7="",E7="",E7=0),"",G7/E7) | I7: =IF(OR(E7="",C7=""),"",IFERROR(E7*INDEX(Alimentos!$C$5:$C$104,MATCH(C7,Alimentos!$A$5:$A$104,0)),"")) | J7: Nombre | K7: Sobró más de lo habitual (ejemplo) | L7: EJEMPLO
A8: 46312 | B8: Recinto 3 (ejemplo) | C8: Alimento C (ejemplo) | D8: =IF(C8="","",IFERROR(INDEX(Alimentos!$B$5:$B$104,MATCH(C8,Alimentos!$A$5:$A$104,0)),"")) | E8: 24 | F8: 2 | G8: =IF(OR(E8="",F8=""),"",E8-F8) | H8: =IF(OR(G8="",E8="",E8=0),"",G8/E8) | I8: =IF(OR(E8="",C8=""),"",IFERROR(E8*INDEX(Alimentos!$C$5:$C$104,MATCH(C8,Alimentos!$A$5:$A$104,0)),"")) | J8: Nombre | L8: EJEMPLO
A9: 46313 | B9: Recinto 2 (ejemplo) | C9: Alimento B (ejemplo) | D9: =IF(C9="","",IFERROR(INDEX(Alimentos!$B$5:$B$104,MATCH(C9,Alimentos!$A$5:$A$104,0)),"")) | E9: 3 | F9: 0.1 | G9: =IF(OR(E9="",F9=""),"",E9-F9) | H9: =IF(OR(G9="",E9="",E9=0),"",G9/E9) | I9: =IF(OR(E9="",C9=""),"",IFERROR(E9*INDEX(Alimentos!$C$5:$C$104,MATCH(C9,Alimentos!$A$5:$A$104,0)),"")) | J9: Nombre | L9: EJEMPLO
A10: 46314 | B10: Recinto 3 (ejemplo) | C10: Alimento C (ejemplo) | D10: =IF(C10="","",IFERROR(INDEX(Alimentos!$B$5:$B$104,MATCH(C10,Alimentos!$A$5:$A$104,0)),"")) | E10: 24 | F10: 5 | G10: =IF(OR(E10="",F10=""),"",E10-F10) | H10: =IF(OR(G10="",E10="",E10=0),"",G10/E10) | I10: =IF(OR(E10="",C10=""),"",IFERROR(E10*INDEX(Alimentos!$C$5:$C$104,MATCH(C10,Alimentos!$A$5:$A$104,0)),"")) | J10: Nombre | L10: EJEMPLO
D11: =IF(C11="","",IFERROR(INDEX(Alimentos!$B$5:$B$104,MATCH(C11,Alimentos!$A$5:$A$104,0)),"")) | G11: =IF(OR(E11="",F11=""),"",E11-F11) | H11: =IF(OR(G11="",E11="",E11=0),"",G11/E11) | I11: =IF(OR(E11="",C11=""),"",IFERROR(E11*INDEX(Alimentos!$C$5:$C$104,MATCH(C11,Alimentos!$A$5:$A$104,0)),""))
D12: =IF(C12="","",IFERROR(INDEX(Alimentos!$B$5:$B$104,MATCH(C12,Alimentos!$A$5:$A$104,0)),"")) | G12: =IF(OR(E12="",F12=""),"",E12-F12) | H12: =IF(OR(G12="",E12="",E12=0),"",G12/E12) | I12: =IF(OR(E12="",C12=""),"",IFERROR(E12*INDEX(Alimentos!$C$5:$C$104,MATCH(C12,Alimentos!$A$5:$A$104,0)),""))
D13: =IF(C13="","",IFERROR(INDEX(Alimentos!$B$5:$B$104,MATCH(C13,Alimentos!$A$5:$A$104,0)),"")) | G13: =IF(OR(E13="",F13=""),"",E13-F13) | H13: =IF(OR(G13="",E13="",E13=0),"",G13/E13) | I13: =IF(OR(E13="",C13=""),"",IFERROR(E13*INDEX(Alimentos!$C$5:$C$104,MATCH(C13,Alimentos!$A$5:$A$104,0)),""))
D14: =IF(C14="","",IFERROR(INDEX(Alimentos!$B$5:$B$104,MATCH(C14,Alimentos!$A$5:$A$104,0)),"")) | G14: =IF(OR(E14="",F14=""),"",E14-F14) | H14: =IF(OR(G14="",E14="",E14=0),"",G14/E14) | I14: =IF(OR(E14="",C14=""),"",IFERROR(E14*INDEX(Alimentos!$C$5:$C$104,MATCH(C14,Alimentos!$A$5:$A$104,0)),""))
D15: =IF(C15="","",IFERROR(INDEX(Alimentos!$B$5:$B$104,MATCH(C15,Alimentos!$A$5:$A$104,0)),"")) | G15: =IF(OR(E15="",F15=""),"",E15-F15) | H15: =IF(OR(G15="",E15="",E15=0),"",G15/E15) | I15: =IF(OR(E15="",C15=""),"",IFERROR(E15*INDEX(Alimentos!$C$5:$C$104,MATCH(C15,Alimentos!$A$5:$A$104,0)),""))
D16: =IF(C16="","",IFERROR(INDEX(Alimentos!$B$5:$B$104,MATCH(C16,Alimentos!$A$5:$A$104,0)),"")) | G16: =IF(OR(E16="",F16=""),"",E16-F16) | H16: =IF(OR(G16="",E16="",E16=0),"",G16/E16) | I16: =IF(OR(E16="",C16=""),"",IFERROR(E16*INDEX(Alimentos!$C$5:$C$104,MATCH(C16,Alimentos!$A$5:$A$104,0)),""))
D17: =IF(C17="","",IFERROR(INDEX(Alimentos!$B$5:$B$104,MATCH(C17,Alimentos!$A$5:$A$104,0)),"")) | G17: =IF(OR(E17="",F17=""),"",E17-F17) | H17: =IF(OR(G17="",E17="",E17=0),"",G17/E17) | I17: =IF(OR(E17="",C17=""),"",IFERROR(E17*INDEX(Alimentos!$C$5:$C$104,MATCH(C17,Alimentos!$A$5:$A$104,0)),""))
D18: =IF(C18="","",IFERROR(INDEX(Alimentos!$B$5:$B$104,MATCH(C18,Alimentos!$A$5:$A$104,0)),"")) | G18: =IF(OR(E18="",F18=""),"",E18-F18) | H18: =IF(OR(G18="",E18="",E18=0),"",G18/E18) | I18: =IF(OR(E18="",C18=""),"",IFERROR(E18*INDEX(Alimentos!$C$5:$C$104,MATCH(C18,Alimentos!$A$5:$A$104,0)),""))
D19: =IF(C19="","",IFERROR(INDEX(Alimentos!$B$5:$B$104,MATCH(C19,Alimentos!$A$5:$A$104,0)),"")) | G19: =IF(OR(E19="",F19=""),"",E19-F19) | H19: =IF(OR(G19="",E19="",E19=0),"",G19/E19) | I19: =IF(OR(E19="",C19=""),"",IFERROR(E19*INDEX(Alimentos!$C$5:$C$104,MATCH(C19,Alimentos!$A$5:$A$104,0)),""))
D20: =IF(C20="","",IFERROR(INDEX(Alimentos!$B$5:$B$104,MATCH(C20,Alimentos!$A$5:$A$104,0)),"")) | G20: =IF(OR(E20="",F20=""),"",E20-F20) | H20: =IF(OR(G20="",E20="",E20=0),"",G20/E20) | I20: =IF(OR(E20="",C20=""),"",IFERROR(E20*INDEX(Alimentos!$C$5:$C$104,MATCH(C20,Alimentos!$A$5:$A$104,0)),""))
D21: =IF(C21="","",IFERROR(INDEX(Alimentos!$B$5:$B$104,MATCH(C21,Alimentos!$A$5:$A$104,0)),"")) | G21: =IF(OR(E21="",F21=""),"",E21-F21) | H21: =IF(OR(G21="",E21="",E21=0),"",G21/E21) | I21: =IF(OR(E21="",C21=""),"",IFERROR(E21*INDEX(Alimentos!$C$5:$C$104,MATCH(C21,Alimentos!$A$5:$A$104,0)),""))
D22: =IF(C22="","",IFERROR(INDEX(Alimentos!$B$5:$B$104,MATCH(C22,Alimentos!$A$5:$A$104,0)),"")) | G22: =IF(OR(E22="",F22=""),"",E22-F22) | H22: =IF(OR(G22="",E22="",E22=0),"",G22/E22) | I22: =IF(OR(E22="",C22=""),"",IFERROR(E22*INDEX(Alimentos!$C$5:$C$104,MATCH(C22,Alimentos!$A$5:$A$104,0)),""))
... D804: =IF(C804="","",IFERROR(INDEX(Alimentos!$B$5:$B$104,MATCH(C804,Alimentos!$A$5:$A$104,0)),"")) | G804: =IF(OR(E804="",F804=""),"",E804-F804) | H804: =IF(OR(G804="",E804="",E804=0),"",G804/E804) | I804: =IF(OR(E804="",C804=""),"",IFERROR(E804*INDEX(Alimentos!$C$5:$C$104,MATCH(C804,Alimentos!$A$5:$A$104,0)),""))

Sheet Resumen
A1: Resumen por recinto
A2: Elige el periodo.
A3: Desde | B3: 46307 | C3: Hasta | D3: 46317
A5: Recinto | B5: Ofrecido | C5: Sobrante | D5: Consumido | E5: % consumido | F5: Costo ofrecido
A6: =IF(Recintos!A5="","",Recintos!A5) | B6: =IF($A6="","",SUMIFS(Registro!$E$5:$E$804,Registro!$B$5:$B$804,$A6,Registro!$A$5:$A$804,">="&$B$3,Registro!$A$5:$A$804,"<="&$D$3)) | C6: =IF($A6="","",SUMIFS(Registro!$F$5:$F$804,Registro!$B$5:$B$804,$A6,Registro!$A$5:$A$804,">="&$B$3,Registro!$A$5:$A$804,"<="&$D$3)) | D6: =IF($A6="","",B6-C6) | E6: =IF(OR($A6="",B6=0),"",D6/B6) | F6: =IF($A6="","",SUMIFS(Registro!$I$5:$I$804,Registro!$B$5:$B$804,$A6,Registro!$A$5:$A$804,">="&$B$3,Registro!$A$5:$A$804,"<="&$D$3))
A7: =IF(Recintos!A6="","",Recintos!A6) | B7: =IF($A7="","",SUMIFS(Registro!$E$5:$E$804,Registro!$B$5:$B$804,$A7,Registro!$A$5:$A$804,">="&$B$3,Registro!$A$5:$A$804,"<="&$D$3)) | C7: =IF($A7="","",SUMIFS(Registro!$F$5:$F$804,Registro!$B$5:$B$804,$A7,Registro!$A$5:$A$804,">="&$B$3,Registro!$A$5:$A$804,"<="&$D$3)) | D7: =IF($A7="","",B7-C7) | E7: =IF(OR($A7="",B7=0),"",D7/B7) | F7: =IF($A7="","",SUMIFS(Registro!$I$5:$I$804,Registro!$B$5:$B$804,$A7,Registro!$A$5:$A$804,">="&$B$3,Registro!$A$5:$A$804,"<="&$D$3))
A8: =IF(Recintos!A7="","",Recintos!A7) | B8: =IF($A8="","",SUMIFS(Registro!$E$5:$E$804,Registro!$B$5:$B$804,$A8,Registro!$A$5:$A$804,">="&$B$3,Registro!$A$5:$A$804,"<="&$D$3)) | C8: =IF($A8="","",SUMIFS(Registro!$F$5:$F$804,Registro!$B$5:$B$804,$A8,Registro!$A$5:$A$804,">="&$B$3,Registro!$A$5:$A$804,"<="&$D$3)) | D8: =IF($A8="","",B8-C8) | E8: =IF(OR($A8="",B8=0),"",D8/B8) | F8: =IF($A8="","",SUMIFS(Registro!$I$5:$I$804,Registro!$B$5:$B$804,$A8,Registro!$A$5:$A$804,">="&$B$3,Registro!$A$5:$A$804,"<="&$D$3))
A9: =IF(Recintos!A8="","",Recintos!A8) | B9: =IF($A9="","",SUMIFS(Registro!$E$5:$E$804,Registro!$B$5:$B$804,$A9,Registro!$A$5:$A$804,">="&$B$3,Registro!$A$5:$A$804,"<="&$D$3)) | C9: =IF($A9="","",SUMIFS(Registro!$F$5:$F$804,Registro!$B$5:$B$804,$A9,Registro!$A$5:$A$804,">="&$B$3,Registro!$A$5:$A$804,"<="&$D$3)) | D9: =IF($A9="","",B9-C9) | E9: =IF(OR($A9="",B9=0),"",D9/B9) | F9: =IF($A9="","",SUMIFS(Registro!$I$5:$I$804,Registro!$B$5:$B$804,$A9,Registro!$A$5:$A$804,">="&$B$3,Registro!$A$5:$A$804,"<="&$D$3))
A10: =IF(Recintos!A9="","",Recintos!A9) | B10: =IF($A10="","",SUMIFS(Registro!$E$5:$E$804,Registro!$B$5:$B$804,$A10,Registro!$A$5:$A$804,">="&$B$3,Registro!$A$5:$A$804,"<="&$D$3)) | C10: =IF($A10="","",SUMIFS(Registro!$F$5:$F$804,Registro!$B$5:$B$804,$A10,Registro!$A$5:$A$804,">="&$B$3,Registro!$A$5:$A$804,"<="&$D$3)) | D10: =IF($A10="","",B10-C10) | E10: =IF(OR($A10="",B10=0),"",D10/B10) | F10: =IF($A10="","",SUMIFS(Registro!$I$5:$I$804,Registro!$B$5:$B$804,$A10,Registro!$A$5:$A$804,">="&$B$3,Registro!$A$5:$A$804,"<="&$D$3))
A11: =IF(Recintos!A10="","",Recintos!A10) | B11: =IF($A11="","",SUMIFS(Registro!$E$5:$E$804,Registro!$B$5:$B$804,$A11,Registro!$A$5:$A$804,">="&$B$3,Registro!$A$5:$A$804,"<="&$D$3)) | C11: =IF($A11="","",SUMIFS(Registro!$F$5:$F$804,Registro!$B$5:$B$804,$A11,Registro!$A$5:$A$804,">="&$B$3,Registro!$A$5:$A$804,"<="&$D$3)) | D11: =IF($A11="","",B11-C11) | E11: =IF(OR($A11="",B11=0),"",D11/B11) | F11: =IF($A11="","",SUMIFS(Registro!$I$5:$I$804,Registro!$B$5:$B$804,$A11,Registro!$A$5:$A$804,">="&$B$3,Registro!$A$5:$A$804,"<="&$D$3))
A12: =IF(Recintos!A11="","",Recintos!A11) | B12: =IF($A12="","",SUMIFS(Registro!$E$5:$E$804,Registro!$B$5:$B$804,$A12,Registro!$A$5:$A$804,">="&$B$3,Registro!$A$5:$A$804,"<="&$D$3)) | C12: =IF($A12="","",SUMIFS(Registro!$F$5:$F$804,Registro!$B$5:$B$804,$A12,Registro!$A$5:$A$804,">="&$B$3,Registro!$A$5:$A$804,"<="&$D$3)) | D12: =IF($A12="","",B12-C12) | E12: =IF(OR($A12="",B12=0),"",D12/B12) | F12: =IF($A12="","",SUMIFS(Registro!$I$5:$I$804,Registro!$B$5:$B$804,$A12,Registro!$A$5:$A$804,">="&$B$3,Registro!$A$5:$A$804,"<="&$D$3))
A13: =IF(Recintos!A12="","",Recintos!A12) | B13: =IF($A13="","",SUMIFS(Registro!$E$5:$E$804,Registro!$B$5:$B$804,$A13,Registro!$A$5:$A$804,">="&$B$3,Registro!$A$5:$A$804,"<="&$D$3)) | C13: =IF($A13="","",SUMIFS(Registro!$F$5:$F$804,Registro!$B$5:$B$804,$A13,Registro!$A$5:$A$804,">="&$B$3,Registro!$A$5:$A$804,"<="&$D$3)) | D13: =IF($A13="","",B13-C13) | E13: =IF(OR($A13="",B13=0),"",D13/B13) | F13: =IF($A13="","",SUMIFS(Registro!$I$5:$I$804,Registro!$B$5:$B$804,$A13,Registro!$A$5:$A$804,">="&$B$3,Registro!$A$5:$A$804,"<="&$D$3))
A14: =IF(Recintos!A13="","",Recintos!A13) | B14: =IF($A14="","",SUMIFS(Registro!$E$5:$E$804,Registro!$B$5:$B$804,$A14,Registro!$A$5:$A$804,">="&$B$3,Registro!$A$5:$A$804,"<="&$D$3)) | C14: =IF($A14="","",SUMIFS(Registro!$F$5:$F$804,Registro!$B$5:$B$804,$A14,Registro!$A$5:$A$804,">="&$B$3,Registro!$A$5:$A$804,"<="&$D$3)) | D14: =IF($A14="","",B14-C14) | E14: =IF(OR($A14="",B14=0),"",D14/B14) | F14: =IF($A14="","",SUMIFS(Registro!$I$5:$I$804,Registro!$B$5:$B$804,$A14,Registro!$A$5:$A$804,">="&$B$3,Registro!$A$5:$A$804,"<="&$D$3))
A15: =IF(Recintos!A14="","",Recintos!A14) | B15: =IF($A15="","",SUMIFS(Registro!$E$5:$E$804,Registro!$B$5:$B$804,$A15,Registro!$A$5:$A$804,">="&$B$3,Registro!$A$5:$A$804,"<="&$D$3)) | C15: =IF($A15="","",SUMIFS(Registro!$F$5:$F$804,Registro!$B$5:$B$804,$A15,Registro!$A$5:$A$804,">="&$B$3,Registro!$A$5:$A$804,"<="&$D$3)) | D15: =IF($A15="","",B15-C15) | E15: =IF(OR($A15="",B15=0),"",D15/B15) | F15: =IF($A15="","",SUMIFS(Registro!$I$5:$I$804,Registro!$B$5:$B$804,$A15,Registro!$A$5:$A$804,">="&$B$3,Registro!$A$5:$A$804,"<="&$D$3))
A16: =IF(Recintos!A15="","",Recintos!A15) | B16: =IF($A16="","",SUMIFS(Registro!$E$5:$E$804,Registro!$B$5:$B$804,$A16,Registro!$A$5:$A$804,">="&$B$3,Registro!$A$5:$A$804,"<="&$D$3)) | C16: =IF($A16="","",SUMIFS(Registro!$F$5:$F$804,Registro!$B$5:$B$804,$A16,Registro!$A$5:$A$804,">="&$B$3,Registro!$A$5:$A$804,"<="&$D$3)) | D16: =IF($A16="","",B16-C16) | E16: =IF(OR($A16="",B16=0),"",D16/B16) | F16: =IF($A16="","",SUMIFS(Registro!$I$5:$I$804,Registro!$B$5:$B$804,$A16,Registro!$A$5:$A$804,">="&$B$3,Registro!$A$5:$A$804,"<="&$D$3))
A17: =IF(Recintos!A16="","",Recintos!A16) | B17: =IF($A17="","",SUMIFS(Registro!$E$5:$E$804,Registro!$B$5:$B$804,$A17,Registro!$A$5:$A$804,">="&$B$3,Registro!$A$5:$A$804,"<="&$D$3)) | C17: =IF($A17="","",SUMIFS(Registro!$F$5:$F$804,Registro!$B$5:$B$804,$A17,Registro!$A$5:$A$804,">="&$B$3,Registro!$A$5:$A$804,"<="&$D$3)) | D17: =IF($A17="","",B17-C17) | E17: =IF(OR($A17="",B17=0),"",D17/B17) | F17: =IF($A17="","",SUMIFS(Registro!$I$5:$I$804,Registro!$B$5:$B$804,$A17,Registro!$A$5:$A$804,">="&$B$3,Registro!$A$5:$A$804,"<="&$D$3))
... A25: =IF(Recintos!A24="","",Recintos!A24) | B25: =IF($A25="","",SUMIFS(Registro!$E$5:$E$804,Registro!$B$5:$B$804,$A25,Registro!$A$5:$A$804,">="&$B$3,Registro!$A$5:$A$804,"<="&$D$3)) | C25: =IF($A25="","",SUMIFS(Registro!$F$5:$F$804,Registro!$B$5:$B$804,$A25,Registro!$A$5:$A$804,">="&$B$3,Registro!$A$5:$A$804,"<="&$D$3)) | D25: =IF($A25="","",B25-C25) | E25: =IF(OR($A25="",B25=0),"",D25/B25) | F25: =IF($A25="","",SUMIFS(Registro!$I$5:$I$804,Registro!$B$5:$B$804,$A25,Registro!$A$5:$A$804,">="&$B$3,Registro!$A$5:$A$804,"<="&$D$3))
A27: Nota: las cantidades de recintos con alimentos en distintas unidades se suman tal como las escribas; úsalo con alimentos de la misma unidad o revisa «Registro».
