Workbook

Sheet Instrucciones
A1: Inventario de botiquín con alerta de caducidad
A2: Zoorigen · Club VIP · Versión 1.0 · 22 de octubre de 2026 · Material original de Zoorigen
B4: Para qué sirve
C5: Lleva el inventario de lo que hay en el botiquín de tu unidad (curación, instrumental, material de protección, limpieza y otros) y deja que la hoja te avise qué ya caducó y qué caduca pronto. Es un registro de control interno: no indica qué usar ni cuánto.
B7: Qué hay en cada hoja
B8: Inventario | C8: Una fila por artículo y lote: escribe su cantidad y su fecha de caducidad.
B9: Resumen | C9: Cuenta cuántos artículos hay por estado, la próxima caducidad y el valor de los días de aviso (los puedes cambiar).
B11: Cómo usarlo, paso a paso
B12: Paso 1 | C12: Abre la hoja «Resumen» y revisa los dos números de aviso: por defecto 30 días («Caduca pronto») y 90 días («Revisar pronto»). Cámbialos si tu unidad necesita otros plazos.
B13: Paso 2 | C13: En la hoja «Inventario» borra las filas de EJEMPLO y escribe tus artículos: código, nombre, categoría, cantidad, unidad, lote y fecha de caducidad.
B14: Paso 3 | C14: La columna «Días restantes» y la columna «Estado» se calculan solas. Los colores cambian conforme pasan los días, sin que tengas que hacer nada.
B15: Paso 4 | C15: Cada vez que revises el botiquín, actualiza la cantidad. Si un artículo se agota, la hoja lo marca como «Agotado».
B16: Paso 5 | C16: Revisa la hoja «Resumen» al empezar la semana: ahí ves de un vistazo cuántos artículos están vencidos o por vencer.
B18: Colores y celdas
B19: Celdas blancas | C19: Son para que escribas o elijas de una lista.
B20: Celdas grises | C20: Se calculan solas con fórmulas: no las borres ni escribas encima.
B21: Filas de EJEMPLO | C21: Las filas marcadas con la palabra EJEMPLO (fondo dorado claro) solo muestran cómo se llena. Bórralas antes de empezar con tus datos reales: selecciona la fila y usa «Eliminar contenido» para conservar las fórmulas.
B23: Ten en cuenta
C24: Los colores usan la fecha de hoy de tu computadora: al abrir el archivo se actualizan.
C25: Para artículos que sujetas a controles especiales (por ejemplo, medicamentos controlados), consulta la normatividad vigente y los formatos oficiales que te correspondan: este libro no los sustituye.
B27: Aviso
C28: Material de apoyo de Zoorigen: no sustituye el criterio profesional ni la asesoría legal. Consulta siempre la normatividad vigente.

Sheet Inventario
A1: Inventario de botiquín
A2: Zoorigen · Club VIP · Material de apoyo (no es un formato oficial). Las filas con la palabra EJEMPLO se borran antes de empezar.
A4: Código | B4: Artículo | C4: Categoría | D4: Presentación | E4: Cantidad | F4: Unidad | G4: Lote | H4: Fecha de caducidad | I4: Días restantes | J4: Estado | K4: Ubicación | L4: Responsable | M4: Nota
A5: B-001 | B5: Gasas estériles | C5: Curación | D5: Paquete | E5: 12 | F5: paquete | G5: L-2026-A | H5: 46737 | I5: =IF(H5="","",H5-TODAY()) | J5: =IF(AND(A5="",B5=""),"",IF(AND(E5<>"",E5<=0),"Agotado",IF(H5="","Sin fecha",IF(I5<0,"Vencido",IF(I5<=Resumen!$C$5,"Caduca pronto",IF(I5<=Resumen!$C$6,"Revisar pronto","Vigente")))))) | K5: Botiquín 1 | L5: Nombre | M5: EJEMPLO
A6: B-002 | B6: Guantes de exploración | C6: Material de protección | D6: Caja | E6: 3 | F6: caja | G6: L-2026-B | H6: 46392 | I6: =IF(H6="","",H6-TODAY()) | J6: =IF(AND(A6="",B6=""),"",IF(AND(E6<>"",E6<=0),"Agotado",IF(H6="","Sin fecha",IF(I6<0,"Vencido",IF(I6<=Resumen!$C$5,"Caduca pronto",IF(I6<=Resumen!$C$6,"Revisar pronto","Vigente")))))) | K6: Botiquín 1 | L6: Nombre | M6: EJEMPLO
A7: B-003 | B7: Solución para limpieza de heridas | C7: Limpieza y desinfección | D7: Frasco | E7: 2 | F7: frasco | G7: L-2025-C | H7: 46335 | I7: =IF(H7="","",H7-TODAY()) | J7: =IF(AND(A7="",B7=""),"",IF(AND(E7<>"",E7<=0),"Agotado",IF(H7="","Sin fecha",IF(I7<0,"Vencido",IF(I7<=Resumen!$C$5,"Caduca pronto",IF(I7<=Resumen!$C$6,"Revisar pronto","Vigente")))))) | K7: Botiquín 2 | L7: Nombre | M7: EJEMPLO
A8: B-004 | B8: Venda elástica | C8: Curación | D8: Rollo | E8: 6 | F8: rollo | G8: L-2024-D | H8: 46305 | I8: =IF(H8="","",H8-TODAY()) | J8: =IF(AND(A8="",B8=""),"",IF(AND(E8<>"",E8<=0),"Agotado",IF(H8="","Sin fecha",IF(I8<0,"Vencido",IF(I8<=Resumen!$C$5,"Caduca pronto",IF(I8<=Resumen!$C$6,"Revisar pronto","Vigente")))))) | K8: Botiquín 2 | L8: Nombre | M8: EJEMPLO
A9: B-005 | B9: Pinzas de disección | C9: Instrumental | D9: Pieza | E9: 4 | F9: pieza | I9: =IF(H9="","",H9-TODAY()) | J9: =IF(AND(A9="",B9=""),"",IF(AND(E9<>"",E9<=0),"Agotado",IF(H9="","Sin fecha",IF(I9<0,"Vencido",IF(I9<=Resumen!$C$5,"Caduca pronto",IF(I9<=Resumen!$C$6,"Revisar pronto","Vigente")))))) | K9: Estuche A | L9: Nombre | M9: EJEMPLO
A10: B-006 | B10: Cubrebocas | C10: Material de protección | D10: Caja | E10: 0 | F10: caja | G10: L-2026-F | H10: 46617 | I10: =IF(H10="","",H10-TODAY()) | J10: =IF(AND(A10="",B10=""),"",IF(AND(E10<>"",E10<=0),"Agotado",IF(H10="","Sin fecha",IF(I10<0,"Vencido",IF(I10<=Resumen!$C$5,"Caduca pronto",IF(I10<=Resumen!$C$6,"Revisar pronto","Vigente")))))) | K10: Almacén | L10: Nombre | M10: EJEMPLO
I11: =IF(H11="","",H11-TODAY()) | J11: =IF(AND(A11="",B11=""),"",IF(AND(E11<>"",E11<=0),"Agotado",IF(H11="","Sin fecha",IF(I11<0,"Vencido",IF(I11<=Resumen!$C$5,"Caduca pronto",IF(I11<=Resumen!$C$6,"Revisar pronto","Vigente"))))))
I12: =IF(H12="","",H12-TODAY()) | J12: =IF(AND(A12="",B12=""),"",IF(AND(E12<>"",E12<=0),"Agotado",IF(H12="","Sin fecha",IF(I12<0,"Vencido",IF(I12<=Resumen!$C$5,"Caduca pronto",IF(I12<=Resumen!$C$6,"Revisar pronto","Vigente"))))))
I13: =IF(H13="","",H13-TODAY()) | J13: =IF(AND(A13="",B13=""),"",IF(AND(E13<>"",E13<=0),"Agotado",IF(H13="","Sin fecha",IF(I13<0,"Vencido",IF(I13<=Resumen!$C$5,"Caduca pronto",IF(I13<=Resumen!$C$6,"Revisar pronto","Vigente"))))))
I14: =IF(H14="","",H14-TODAY()) | J14: =IF(AND(A14="",B14=""),"",IF(AND(E14<>"",E14<=0),"Agotado",IF(H14="","Sin fecha",IF(I14<0,"Vencido",IF(I14<=Resumen!$C$5,"Caduca pronto",IF(I14<=Resumen!$C$6,"Revisar pronto","Vigente"))))))
I15: =IF(H15="","",H15-TODAY()) | J15: =IF(AND(A15="",B15=""),"",IF(AND(E15<>"",E15<=0),"Agotado",IF(H15="","Sin fecha",IF(I15<0,"Vencido",IF(I15<=Resumen!$C$5,"Caduca pronto",IF(I15<=Resumen!$C$6,"Revisar pronto","Vigente"))))))
I16: =IF(H16="","",H16-TODAY()) | J16: =IF(AND(A16="",B16=""),"",IF(AND(E16<>"",E16<=0),"Agotado",IF(H16="","Sin fecha",IF(I16<0,"Vencido",IF(I16<=Resumen!$C$5,"Caduca pronto",IF(I16<=Resumen!$C$6,"Revisar pronto","Vigente"))))))
I17: =IF(H17="","",H17-TODAY()) | J17: =IF(AND(A17="",B17=""),"",IF(AND(E17<>"",E17<=0),"Agotado",IF(H17="","Sin fecha",IF(I17<0,"Vencido",IF(I17<=Resumen!$C$5,"Caduca pronto",IF(I17<=Resumen!$C$6,"Revisar pronto","Vigente"))))))
I18: =IF(H18="","",H18-TODAY()) | J18: =IF(AND(A18="",B18=""),"",IF(AND(E18<>"",E18<=0),"Agotado",IF(H18="","Sin fecha",IF(I18<0,"Vencido",IF(I18<=Resumen!$C$5,"Caduca pronto",IF(I18<=Resumen!$C$6,"Revisar pronto","Vigente"))))))
I19: =IF(H19="","",H19-TODAY()) | J19: =IF(AND(A19="",B19=""),"",IF(AND(E19<>"",E19<=0),"Agotado",IF(H19="","Sin fecha",IF(I19<0,"Vencido",IF(I19<=Resumen!$C$5,"Caduca pronto",IF(I19<=Resumen!$C$6,"Revisar pronto","Vigente"))))))
I20: =IF(H20="","",H20-TODAY()) | J20: =IF(AND(A20="",B20=""),"",IF(AND(E20<>"",E20<=0),"Agotado",IF(H20="","Sin fecha",IF(I20<0,"Vencido",IF(I20<=Resumen!$C$5,"Caduca pronto",IF(I20<=Resumen!$C$6,"Revisar pronto","Vigente"))))))
I21: =IF(H21="","",H21-TODAY()) | J21: =IF(AND(A21="",B21=""),"",IF(AND(E21<>"",E21<=0),"Agotado",IF(H21="","Sin fecha",IF(I21<0,"Vencido",IF(I21<=Resumen!$C$5,"Caduca pronto",IF(I21<=Resumen!$C$6,"Revisar pronto","Vigente"))))))
I22: =IF(H22="","",H22-TODAY()) | J22: =IF(AND(A22="",B22=""),"",IF(AND(E22<>"",E22<=0),"Agotado",IF(H22="","Sin fecha",IF(I22<0,"Vencido",IF(I22<=Resumen!$C$5,"Caduca pronto",IF(I22<=Resumen!$C$6,"Revisar pronto","Vigente"))))))
... I204: =IF(H204="","",H204-TODAY()) | J204: =IF(AND(A204="",B204=""),"",IF(AND(E204<>"",E204<=0),"Agotado",IF(H204="","Sin fecha",IF(I204<0,"Vencido",IF(I204<=Resumen!$C$5,"Caduca pronto",IF(I204<=Resumen!$C$6,"Revisar pronto","Vigente"))))))

Sheet Resumen
A1: Resumen del botiquín
A2: Zoorigen · Club VIP · Versión 1.0 · 22 de octubre de 2026
A4: Plazos de aviso (los puedes cambiar)
A5: «Caduca pronto» cuando faltan (días) o menos | C5: 30
A6: «Revisar pronto» cuando faltan (días) o menos | C6: 90
A8: Artículos por estado
A9: Estado | B9: Artículos
A10: Vencido | B10: =COUNTIF(Inventario!$J$5:$J$204,A10)
A11: Caduca pronto | B11: =COUNTIF(Inventario!$J$5:$J$204,A11)
A12: Revisar pronto | B12: =COUNTIF(Inventario!$J$5:$J$204,A12)
A13: Vigente | B13: =COUNTIF(Inventario!$J$5:$J$204,A13)
A14: Agotado | B14: =COUNTIF(Inventario!$J$5:$J$204,A14)
A15: Sin fecha | B15: =COUNTIF(Inventario!$J$5:$J$204,A15)
A17: Total de artículos registrados | B17: =SUM(B10:B15)
A18: Próxima fecha de caducidad (de lo que aún no vence) | B18: =IFERROR(SMALL(Inventario!$H$5:$H$204,COUNTIF(Inventario!$H$5:$H$204,"<"&TODAY())+1),"-")
A19: Fecha de hoy | B19: =TODAY()
