Workbook

Sheet Instrucciones
A1: Libro de entradas y salidas de insumos
A2: Zoorigen · Club VIP · Versión 1.0 · 22 de octubre de 2026 · Material original de Zoorigen
B4: Para qué sirve
C5: Registra cada entrada y cada salida de tus insumos (material de curación, limpieza, alimentos de prueba, medicamentos y lo que necesites controlar) y el libro calcula solo el saldo de cada producto. Es un formato de registro interno: NO es un formato oficial ni indica qué usar o en qué cantidad.
B7: Qué hay en cada hoja
B8: Productos | C8: Tu catálogo: un código por producto, su unidad y el mínimo que quieres tener. Aquí ves entradas, salidas y saldo de cada uno.
B9: Movimientos | C9: El libro: una fila por cada entrada o salida. El saldo después de cada movimiento se calcula solo.
B11: Cómo usarlo, paso a paso
B12: Paso 1 | C12: En «Productos» borra los EJEMPLOS y da de alta tus productos con un código único (por ejemplo P-001), su nombre, la unidad y el stock mínimo.
B13: Paso 2 | C13: En «Movimientos» escribe la fecha, elige el código de la lista, elige si es Entrada o Salida y escribe la cantidad. El nombre del producto aparece solo.
B14: Paso 3 | C14: Escribe el lote, la fecha de caducidad (si aplica), quién hizo el movimiento y el motivo o destino. Escríbelos en el mismo orden en que ocurrieron.
B15: Paso 4 | C15: La columna «Saldo después» muestra cuánto queda de ese producto tras el movimiento. Si sale en rojo, hay un saldo negativo: revisa si faltó registrar una entrada.
B16: Paso 5 | C16: En «Productos» la columna «Estado» te avisa cuando un producto está en su mínimo o por debajo.
B18: Colores y celdas
B19: Celdas blancas | C19: Son para que escribas o elijas de una lista.
B20: Celdas grises | C20: Se calculan solas con fórmulas: no las borres ni escribas encima.
B21: Filas de EJEMPLO | C21: Las filas marcadas con la palabra EJEMPLO (fondo dorado claro) solo muestran cómo se llena. Bórralas antes de empezar con tus datos reales: selecciona la fila y usa «Eliminar contenido» para conservar las fórmulas.
B23: Ten en cuenta
C24: Este libro no sustituye los formatos, libros de control o recetarios que la normatividad pida para ciertos productos (por ejemplo medicamentos controlados). Consulta la norma vigente y a tu médico veterinario responsable.
C25: No registres dosis ni indicaciones de uso: solo cantidades de entrada y salida.
B27: Aviso
C28: Material de apoyo de Zoorigen: no sustituye el criterio profesional ni la asesoría legal. Consulta siempre la normatividad vigente.

Sheet Productos
A1: Catálogo de productos y saldos
A2: Zoorigen · Material de apoyo (formato de registro interno, no oficial)
A4: Código | B4: Producto | C4: Unidad | D4: Stock mínimo | E4: Entradas | F4: Salidas | G4: Saldo | H4: Estado | I4: Nota
A5: P-001 | B5: Gasas estériles | C5: paquete | D5: 5 | E5: =IF(A5="","",SUMIFS(Movimientos!$E$5:$E$504,Movimientos!$B$5:$B$504,A5,Movimientos!$D$5:$D$504,"Entrada")) | F5: =IF(A5="","",SUMIFS(Movimientos!$E$5:$E$504,Movimientos!$B$5:$B$504,A5,Movimientos!$D$5:$D$504,"Salida")) | G5: =IF(A5="","",E5-F5) | H5: =IF(A5="","",IF(G5<0,"Saldo negativo: revisa",IF(AND(D5<>"",G5<=D5),"En el mínimo o por debajo","Suficiente"))) | I5: EJEMPLO
A6: P-002 | B6: Guantes de exploración | C6: caja | D6: 2 | E6: =IF(A6="","",SUMIFS(Movimientos!$E$5:$E$504,Movimientos!$B$5:$B$504,A6,Movimientos!$D$5:$D$504,"Entrada")) | F6: =IF(A6="","",SUMIFS(Movimientos!$E$5:$E$504,Movimientos!$B$5:$B$504,A6,Movimientos!$D$5:$D$504,"Salida")) | G6: =IF(A6="","",E6-F6) | H6: =IF(A6="","",IF(G6<0,"Saldo negativo: revisa",IF(AND(D6<>"",G6<=D6),"En el mínimo o por debajo","Suficiente"))) | I6: EJEMPLO
A7: P-003 | B7: Solución para limpieza | C7: frasco | D7: 2 | E7: =IF(A7="","",SUMIFS(Movimientos!$E$5:$E$504,Movimientos!$B$5:$B$504,A7,Movimientos!$D$5:$D$504,"Entrada")) | F7: =IF(A7="","",SUMIFS(Movimientos!$E$5:$E$504,Movimientos!$B$5:$B$504,A7,Movimientos!$D$5:$D$504,"Salida")) | G7: =IF(A7="","",E7-F7) | H7: =IF(A7="","",IF(G7<0,"Saldo negativo: revisa",IF(AND(D7<>"",G7<=D7),"En el mínimo o por debajo","Suficiente"))) | I7: EJEMPLO
A8: P-004 | B8: Bolsas para residuos | C8: bolsa | D8: 20 | E8: =IF(A8="","",SUMIFS(Movimientos!$E$5:$E$504,Movimientos!$B$5:$B$504,A8,Movimientos!$D$5:$D$504,"Entrada")) | F8: =IF(A8="","",SUMIFS(Movimientos!$E$5:$E$504,Movimientos!$B$5:$B$504,A8,Movimientos!$D$5:$D$504,"Salida")) | G8: =IF(A8="","",E8-F8) | H8: =IF(A8="","",IF(G8<0,"Saldo negativo: revisa",IF(AND(D8<>"",G8<=D8),"En el mínimo o por debajo","Suficiente"))) | I8: EJEMPLO
E9: =IF(A9="","",SUMIFS(Movimientos!$E$5:$E$504,Movimientos!$B$5:$B$504,A9,Movimientos!$D$5:$D$504,"Entrada")) | F9: =IF(A9="","",SUMIFS(Movimientos!$E$5:$E$504,Movimientos!$B$5:$B$504,A9,Movimientos!$D$5:$D$504,"Salida")) | G9: =IF(A9="","",E9-F9) | H9: =IF(A9="","",IF(G9<0,"Saldo negativo: revisa",IF(AND(D9<>"",G9<=D9),"En el mínimo o por debajo","Suficiente")))
E10: =IF(A10="","",SUMIFS(Movimientos!$E$5:$E$504,Movimientos!$B$5:$B$504,A10,Movimientos!$D$5:$D$504,"Entrada")) | F10: =IF(A10="","",SUMIFS(Movimientos!$E$5:$E$504,Movimientos!$B$5:$B$504,A10,Movimientos!$D$5:$D$504,"Salida")) | G10: =IF(A10="","",E10-F10) | H10: =IF(A10="","",IF(G10<0,"Saldo negativo: revisa",IF(AND(D10<>"",G10<=D10),"En el mínimo o por debajo","Suficiente")))
E11: =IF(A11="","",SUMIFS(Movimientos!$E$5:$E$504,Movimientos!$B$5:$B$504,A11,Movimientos!$D$5:$D$504,"Entrada")) | F11: =IF(A11="","",SUMIFS(Movimientos!$E$5:$E$504,Movimientos!$B$5:$B$504,A11,Movimientos!$D$5:$D$504,"Salida")) | G11: =IF(A11="","",E11-F11) | H11: =IF(A11="","",IF(G11<0,"Saldo negativo: revisa",IF(AND(D11<>"",G11<=D11),"En el mínimo o por debajo","Suficiente")))
E12: =IF(A12="","",SUMIFS(Movimientos!$E$5:$E$504,Movimientos!$B$5:$B$504,A12,Movimientos!$D$5:$D$504,"Entrada")) | F12: =IF(A12="","",SUMIFS(Movimientos!$E$5:$E$504,Movimientos!$B$5:$B$504,A12,Movimientos!$D$5:$D$504,"Salida")) | G12: =IF(A12="","",E12-F12) | H12: =IF(A12="","",IF(G12<0,"Saldo negativo: revisa",IF(AND(D12<>"",G12<=D12),"En el mínimo o por debajo","Suficiente")))
E13: =IF(A13="","",SUMIFS(Movimientos!$E$5:$E$504,Movimientos!$B$5:$B$504,A13,Movimientos!$D$5:$D$504,"Entrada")) | F13: =IF(A13="","",SUMIFS(Movimientos!$E$5:$E$504,Movimientos!$B$5:$B$504,A13,Movimientos!$D$5:$D$504,"Salida")) | G13: =IF(A13="","",E13-F13) | H13: =IF(A13="","",IF(G13<0,"Saldo negativo: revisa",IF(AND(D13<>"",G13<=D13),"En el mínimo o por debajo","Suficiente")))
E14: =IF(A14="","",SUMIFS(Movimientos!$E$5:$E$504,Movimientos!$B$5:$B$504,A14,Movimientos!$D$5:$D$504,"Entrada")) | F14: =IF(A14="","",SUMIFS(Movimientos!$E$5:$E$504,Movimientos!$B$5:$B$504,A14,Movimientos!$D$5:$D$504,"Salida")) | G14: =IF(A14="","",E14-F14) | H14: =IF(A14="","",IF(G14<0,"Saldo negativo: revisa",IF(AND(D14<>"",G14<=D14),"En el mínimo o por debajo","Suficiente")))
E15: =IF(A15="","",SUMIFS(Movimientos!$E$5:$E$504,Movimientos!$B$5:$B$504,A15,Movimientos!$D$5:$D$504,"Entrada")) | F15: =IF(A15="","",SUMIFS(Movimientos!$E$5:$E$504,Movimientos!$B$5:$B$504,A15,Movimientos!$D$5:$D$504,"Salida")) | G15: =IF(A15="","",E15-F15) | H15: =IF(A15="","",IF(G15<0,"Saldo negativo: revisa",IF(AND(D15<>"",G15<=D15),"En el mínimo o por debajo","Suficiente")))
E16: =IF(A16="","",SUMIFS(Movimientos!$E$5:$E$504,Movimientos!$B$5:$B$504,A16,Movimientos!$D$5:$D$504,"Entrada")) | F16: =IF(A16="","",SUMIFS(Movimientos!$E$5:$E$504,Movimientos!$B$5:$B$504,A16,Movimientos!$D$5:$D$504,"Salida")) | G16: =IF(A16="","",E16-F16) | H16: =IF(A16="","",IF(G16<0,"Saldo negativo: revisa",IF(AND(D16<>"",G16<=D16),"En el mínimo o por debajo","Suficiente")))
E17: =IF(A17="","",SUMIFS(Movimientos!$E$5:$E$504,Movimientos!$B$5:$B$504,A17,Movimientos!$D$5:$D$504,"Entrada")) | F17: =IF(A17="","",SUMIFS(Movimientos!$E$5:$E$504,Movimientos!$B$5:$B$504,A17,Movimientos!$D$5:$D$504,"Salida")) | G17: =IF(A17="","",E17-F17) | H17: =IF(A17="","",IF(G17<0,"Saldo negativo: revisa",IF(AND(D17<>"",G17<=D17),"En el mínimo o por debajo","Suficiente")))
E18: =IF(A18="","",SUMIFS(Movimientos!$E$5:$E$504,Movimientos!$B$5:$B$504,A18,Movimientos!$D$5:$D$504,"Entrada")) | F18: =IF(A18="","",SUMIFS(Movimientos!$E$5:$E$504,Movimientos!$B$5:$B$504,A18,Movimientos!$D$5:$D$504,"Salida")) | G18: =IF(A18="","",E18-F18) | H18: =IF(A18="","",IF(G18<0,"Saldo negativo: revisa",IF(AND(D18<>"",G18<=D18),"En el mínimo o por debajo","Suficiente")))
E19: =IF(A19="","",SUMIFS(Movimientos!$E$5:$E$504,Movimientos!$B$5:$B$504,A19,Movimientos!$D$5:$D$504,"Entrada")) | F19: =IF(A19="","",SUMIFS(Movimientos!$E$5:$E$504,Movimientos!$B$5:$B$504,A19,Movimientos!$D$5:$D$504,"Salida")) | G19: =IF(A19="","",E19-F19) | H19: =IF(A19="","",IF(G19<0,"Saldo negativo: revisa",IF(AND(D19<>"",G19<=D19),"En el mínimo o por debajo","Suficiente")))
E20: =IF(A20="","",SUMIFS(Movimientos!$E$5:$E$504,Movimientos!$B$5:$B$504,A20,Movimientos!$D$5:$D$504,"Entrada")) | F20: =IF(A20="","",SUMIFS(Movimientos!$E$5:$E$504,Movimientos!$B$5:$B$504,A20,Movimientos!$D$5:$D$504,"Salida")) | G20: =IF(A20="","",E20-F20) | H20: =IF(A20="","",IF(G20<0,"Saldo negativo: revisa",IF(AND(D20<>"",G20<=D20),"En el mínimo o por debajo","Suficiente")))
... E104: =IF(A104="","",SUMIFS(Movimientos!$E$5:$E$504,Movimientos!$B$5:$B$504,A104,Movimientos!$D$5:$D$504,"Entrada")) | F104: =IF(A104="","",SUMIFS(Movimientos!$E$5:$E$504,Movimientos!$B$5:$B$504,A104,Movimientos!$D$5:$D$504,"Salida")) | G104: =IF(A104="","",E104-F104) | H104: =IF(A104="","",IF(G104<0,"Saldo negativo: revisa",IF(AND(D104<>"",G104<=D104),"En el mínimo o por debajo","Suficiente")))

Sheet Movimientos
A1: Libro de entradas y salidas
A2: Zoorigen · Material de apoyo (formato de registro interno, no oficial). Escribe los movimientos en el orden en que ocurrieron.
A4: Fecha | B4: Código | C4: Producto | D4: Tipo | E4: Cantidad | F4: Lote | G4: Caducidad | H4: Responsable | I4: Motivo o destino | J4: Saldo después | K4: Alerta | L4: Nota
A5: 46277 | B5: P-001 | C5: =IF(B5="","",IFERROR(INDEX(Productos!$B$5:$B$104,MATCH(B5,Productos!$A$5:$A$104,0)),"Código no encontrado")) | D5: Entrada | E5: 20 | F5: L-01 | H5: Nombre | I5: Compra inicial | J5: =IF(OR(B5="",E5=""),"",SUMIFS($E$5:$E5,$B$5:$B5,B5,$D$5:$D5,"Entrada")-SUMIFS($E$5:$E5,$B$5:$B5,B5,$D$5:$D5,"Salida")) | K5: =IF(J5="","",IF(J5<0,"Saldo negativo: revisa",IFERROR(IF(J5<=INDEX(Productos!$D$5:$D$104,MATCH(B5,Productos!$A$5:$A$104,0)),"En el mínimo o por debajo",""),""))) | L5: EJEMPLO
A6: 46284 | B6: P-001 | C6: =IF(B6="","",IFERROR(INDEX(Productos!$B$5:$B$104,MATCH(B6,Productos!$A$5:$A$104,0)),"Código no encontrado")) | D6: Salida | E6: 6 | H6: Nombre | I6: Uso en curaciones | J6: =IF(OR(B6="",E6=""),"",SUMIFS($E$5:$E6,$B$5:$B6,B6,$D$5:$D6,"Entrada")-SUMIFS($E$5:$E6,$B$5:$B6,B6,$D$5:$D6,"Salida")) | K6: =IF(J6="","",IF(J6<0,"Saldo negativo: revisa",IFERROR(IF(J6<=INDEX(Productos!$D$5:$D$104,MATCH(B6,Productos!$A$5:$A$104,0)),"En el mínimo o por debajo",""),""))) | L6: EJEMPLO
A7: 46287 | B7: P-002 | C7: =IF(B7="","",IFERROR(INDEX(Productos!$B$5:$B$104,MATCH(B7,Productos!$A$5:$A$104,0)),"Código no encontrado")) | D7: Entrada | E7: 4 | F7: L-02 | G7: 46817 | H7: Nombre | I7: Compra | J7: =IF(OR(B7="",E7=""),"",SUMIFS($E$5:$E7,$B$5:$B7,B7,$D$5:$D7,"Entrada")-SUMIFS($E$5:$E7,$B$5:$B7,B7,$D$5:$D7,"Salida")) | K7: =IF(J7="","",IF(J7<0,"Saldo negativo: revisa",IFERROR(IF(J7<=INDEX(Productos!$D$5:$D$104,MATCH(B7,Productos!$A$5:$A$104,0)),"En el mínimo o por debajo",""),""))) | L7: EJEMPLO
A8: 46297 | B8: P-001 | C8: =IF(B8="","",IFERROR(INDEX(Productos!$B$5:$B$104,MATCH(B8,Productos!$A$5:$A$104,0)),"Código no encontrado")) | D8: Salida | E8: 11 | H8: Nombre | I8: Uso en curaciones | J8: =IF(OR(B8="",E8=""),"",SUMIFS($E$5:$E8,$B$5:$B8,B8,$D$5:$D8,"Entrada")-SUMIFS($E$5:$E8,$B$5:$B8,B8,$D$5:$D8,"Salida")) | K8: =IF(J8="","",IF(J8<0,"Saldo negativo: revisa",IFERROR(IF(J8<=INDEX(Productos!$D$5:$D$104,MATCH(B8,Productos!$A$5:$A$104,0)),"En el mínimo o por debajo",""),""))) | L8: EJEMPLO
A9: 46305 | B9: P-002 | C9: =IF(B9="","",IFERROR(INDEX(Productos!$B$5:$B$104,MATCH(B9,Productos!$A$5:$A$104,0)),"Código no encontrado")) | D9: Salida | E9: 3 | H9: Nombre | I9: Uso en revisiones | J9: =IF(OR(B9="",E9=""),"",SUMIFS($E$5:$E9,$B$5:$B9,B9,$D$5:$D9,"Entrada")-SUMIFS($E$5:$E9,$B$5:$B9,B9,$D$5:$D9,"Salida")) | K9: =IF(J9="","",IF(J9<0,"Saldo negativo: revisa",IFERROR(IF(J9<=INDEX(Productos!$D$5:$D$104,MATCH(B9,Productos!$A$5:$A$104,0)),"En el mínimo o por debajo",""),""))) | L9: EJEMPLO
A10: 46312 | B10: P-003 | C10: =IF(B10="","",IFERROR(INDEX(Productos!$B$5:$B$104,MATCH(B10,Productos!$A$5:$A$104,0)),"Código no encontrado")) | D10: Entrada | E10: 3 | F10: L-03 | G10: 46517 | H10: Nombre | I10: Compra | J10: =IF(OR(B10="",E10=""),"",SUMIFS($E$5:$E10,$B$5:$B10,B10,$D$5:$D10,"Entrada")-SUMIFS($E$5:$E10,$B$5:$B10,B10,$D$5:$D10,"Salida")) | K10: =IF(J10="","",IF(J10<0,"Saldo negativo: revisa",IFERROR(IF(J10<=INDEX(Productos!$D$5:$D$104,MATCH(B10,Productos!$A$5:$A$104,0)),"En el mínimo o por debajo",""),""))) | L10: EJEMPLO
C11: =IF(B11="","",IFERROR(INDEX(Productos!$B$5:$B$104,MATCH(B11,Productos!$A$5:$A$104,0)),"Código no encontrado")) | J11: =IF(OR(B11="",E11=""),"",SUMIFS($E$5:$E11,$B$5:$B11,B11,$D$5:$D11,"Entrada")-SUMIFS($E$5:$E11,$B$5:$B11,B11,$D$5:$D11,"Salida")) | K11: =IF(J11="","",IF(J11<0,"Saldo negativo: revisa",IFERROR(IF(J11<=INDEX(Productos!$D$5:$D$104,MATCH(B11,Productos!$A$5:$A$104,0)),"En el mínimo o por debajo",""),"")))
C12: =IF(B12="","",IFERROR(INDEX(Productos!$B$5:$B$104,MATCH(B12,Productos!$A$5:$A$104,0)),"Código no encontrado")) | J12: =IF(OR(B12="",E12=""),"",SUMIFS($E$5:$E12,$B$5:$B12,B12,$D$5:$D12,"Entrada")-SUMIFS($E$5:$E12,$B$5:$B12,B12,$D$5:$D12,"Salida")) | K12: =IF(J12="","",IF(J12<0,"Saldo negativo: revisa",IFERROR(IF(J12<=INDEX(Productos!$D$5:$D$104,MATCH(B12,Productos!$A$5:$A$104,0)),"En el mínimo o por debajo",""),"")))
C13: =IF(B13="","",IFERROR(INDEX(Productos!$B$5:$B$104,MATCH(B13,Productos!$A$5:$A$104,0)),"Código no encontrado")) | J13: =IF(OR(B13="",E13=""),"",SUMIFS($E$5:$E13,$B$5:$B13,B13,$D$5:$D13,"Entrada")-SUMIFS($E$5:$E13,$B$5:$B13,B13,$D$5:$D13,"Salida")) | K13: =IF(J13="","",IF(J13<0,"Saldo negativo: revisa",IFERROR(IF(J13<=INDEX(Productos!$D$5:$D$104,MATCH(B13,Productos!$A$5:$A$104,0)),"En el mínimo o por debajo",""),"")))
C14: =IF(B14="","",IFERROR(INDEX(Productos!$B$5:$B$104,MATCH(B14,Productos!$A$5:$A$104,0)),"Código no encontrado")) | J14: =IF(OR(B14="",E14=""),"",SUMIFS($E$5:$E14,$B$5:$B14,B14,$D$5:$D14,"Entrada")-SUMIFS($E$5:$E14,$B$5:$B14,B14,$D$5:$D14,"Salida")) | K14: =IF(J14="","",IF(J14<0,"Saldo negativo: revisa",IFERROR(IF(J14<=INDEX(Productos!$D$5:$D$104,MATCH(B14,Productos!$A$5:$A$104,0)),"En el mínimo o por debajo",""),"")))
C15: =IF(B15="","",IFERROR(INDEX(Productos!$B$5:$B$104,MATCH(B15,Productos!$A$5:$A$104,0)),"Código no encontrado")) | J15: =IF(OR(B15="",E15=""),"",SUMIFS($E$5:$E15,$B$5:$B15,B15,$D$5:$D15,"Entrada")-SUMIFS($E$5:$E15,$B$5:$B15,B15,$D$5:$D15,"Salida")) | K15: =IF(J15="","",IF(J15<0,"Saldo negativo: revisa",IFERROR(IF(J15<=INDEX(Productos!$D$5:$D$104,MATCH(B15,Productos!$A$5:$A$104,0)),"En el mínimo o por debajo",""),"")))
C16: =IF(B16="","",IFERROR(INDEX(Productos!$B$5:$B$104,MATCH(B16,Productos!$A$5:$A$104,0)),"Código no encontrado")) | J16: =IF(OR(B16="",E16=""),"",SUMIFS($E$5:$E16,$B$5:$B16,B16,$D$5:$D16,"Entrada")-SUMIFS($E$5:$E16,$B$5:$B16,B16,$D$5:$D16,"Salida")) | K16: =IF(J16="","",IF(J16<0,"Saldo negativo: revisa",IFERROR(IF(J16<=INDEX(Productos!$D$5:$D$104,MATCH(B16,Productos!$A$5:$A$104,0)),"En el mínimo o por debajo",""),"")))
C17: =IF(B17="","",IFERROR(INDEX(Productos!$B$5:$B$104,MATCH(B17,Productos!$A$5:$A$104,0)),"Código no encontrado")) | J17: =IF(OR(B17="",E17=""),"",SUMIFS($E$5:$E17,$B$5:$B17,B17,$D$5:$D17,"Entrada")-SUMIFS($E$5:$E17,$B$5:$B17,B17,$D$5:$D17,"Salida")) | K17: =IF(J17="","",IF(J17<0,"Saldo negativo: revisa",IFERROR(IF(J17<=INDEX(Productos!$D$5:$D$104,MATCH(B17,Productos!$A$5:$A$104,0)),"En el mínimo o por debajo",""),"")))
C18: =IF(B18="","",IFERROR(INDEX(Productos!$B$5:$B$104,MATCH(B18,Productos!$A$5:$A$104,0)),"Código no encontrado")) | J18: =IF(OR(B18="",E18=""),"",SUMIFS($E$5:$E18,$B$5:$B18,B18,$D$5:$D18,"Entrada")-SUMIFS($E$5:$E18,$B$5:$B18,B18,$D$5:$D18,"Salida")) | K18: =IF(J18="","",IF(J18<0,"Saldo negativo: revisa",IFERROR(IF(J18<=INDEX(Productos!$D$5:$D$104,MATCH(B18,Productos!$A$5:$A$104,0)),"En el mínimo o por debajo",""),"")))
C19: =IF(B19="","",IFERROR(INDEX(Productos!$B$5:$B$104,MATCH(B19,Productos!$A$5:$A$104,0)),"Código no encontrado")) | J19: =IF(OR(B19="",E19=""),"",SUMIFS($E$5:$E19,$B$5:$B19,B19,$D$5:$D19,"Entrada")-SUMIFS($E$5:$E19,$B$5:$B19,B19,$D$5:$D19,"Salida")) | K19: =IF(J19="","",IF(J19<0,"Saldo negativo: revisa",IFERROR(IF(J19<=INDEX(Productos!$D$5:$D$104,MATCH(B19,Productos!$A$5:$A$104,0)),"En el mínimo o por debajo",""),"")))
C20: =IF(B20="","",IFERROR(INDEX(Productos!$B$5:$B$104,MATCH(B20,Productos!$A$5:$A$104,0)),"Código no encontrado")) | J20: =IF(OR(B20="",E20=""),"",SUMIFS($E$5:$E20,$B$5:$B20,B20,$D$5:$D20,"Entrada")-SUMIFS($E$5:$E20,$B$5:$B20,B20,$D$5:$D20,"Salida")) | K20: =IF(J20="","",IF(J20<0,"Saldo negativo: revisa",IFERROR(IF(J20<=INDEX(Productos!$D$5:$D$104,MATCH(B20,Productos!$A$5:$A$104,0)),"En el mínimo o por debajo",""),"")))
C21: =IF(B21="","",IFERROR(INDEX(Productos!$B$5:$B$104,MATCH(B21,Productos!$A$5:$A$104,0)),"Código no encontrado")) | J21: =IF(OR(B21="",E21=""),"",SUMIFS($E$5:$E21,$B$5:$B21,B21,$D$5:$D21,"Entrada")-SUMIFS($E$5:$E21,$B$5:$B21,B21,$D$5:$D21,"Salida")) | K21: =IF(J21="","",IF(J21<0,"Saldo negativo: revisa",IFERROR(IF(J21<=INDEX(Productos!$D$5:$D$104,MATCH(B21,Productos!$A$5:$A$104,0)),"En el mínimo o por debajo",""),"")))
C22: =IF(B22="","",IFERROR(INDEX(Productos!$B$5:$B$104,MATCH(B22,Productos!$A$5:$A$104,0)),"Código no encontrado")) | J22: =IF(OR(B22="",E22=""),"",SUMIFS($E$5:$E22,$B$5:$B22,B22,$D$5:$D22,"Entrada")-SUMIFS($E$5:$E22,$B$5:$B22,B22,$D$5:$D22,"Salida")) | K22: =IF(J22="","",IF(J22<0,"Saldo negativo: revisa",IFERROR(IF(J22<=INDEX(Productos!$D$5:$D$104,MATCH(B22,Productos!$A$5:$A$104,0)),"En el mínimo o por debajo",""),"")))
... C504: =IF(B504="","",IFERROR(INDEX(Productos!$B$5:$B$104,MATCH(B504,Productos!$A$5:$A$104,0)),"Código no encontrado")) | J504: =IF(OR(B504="",E504=""),"",SUMIFS($E$5:$E504,$B$5:$B504,B504,$D$5:$D504,"Entrada")-SUMIFS($E$5:$E504,$B$5:$B504,B504,$D$5:$D504,"Salida")) | K504: =IF(J504="","",IF(J504<0,"Saldo negativo: revisa",IFERROR(IF(J504<=INDEX(Productos!$D$5:$D$104,MATCH(B504,Productos!$A$5:$A$104,0)),"En el mínimo o por debajo",""),"")))
