Workbook

Sheet Instrucciones
A1: Registro de peso y curva de crecimiento por ejemplar
A2: Zoorigen · Club VIP · Versión 1.0 · 22 de octubre de 2026 · Material original de Zoorigen
B4: Para qué sirve
C5: Anota los pesajes de cada ejemplar y mira su curva: la hoja calcula cuánto cambió entre un pesaje y el siguiente y dibuja la gráfica de la persona o el animal que elijas. Es una herramienta de registro: la interpretación de un peso o de una curva le corresponde al médico veterinario o al biólogo responsable.
B7: Qué hay en cada hoja
B8: Ejemplares | C8: Lista de tus ejemplares y la unidad en que pesas a cada uno.
B9: Registro | C9: Un renglón por pesaje. Cálculos automáticos de cambio y ganancia por día.
B10: Curva | C10: Elige un ejemplar de la lista y ve su tabla y su gráfica.
B12: Cómo usarlo, paso a paso
B13: Paso 1 | C13: En «Ejemplares» borra los EJEMPLOS y escribe tus ejemplares: identificador, nombre común, especie, sexo y la unidad de peso (kg o g).
B14: Paso 2 | C14: En «Registro» elige el ejemplar de la lista, escribe la fecha y el peso. Escribe los pesajes de cada ejemplar en orden cronológico (del más antiguo al más reciente).
B15: Paso 3 | C15: Las columnas grises calculan el cambio de peso, los días transcurridos y la ganancia por día respecto al pesaje anterior del mismo ejemplar.
B16: Paso 4 | C16: Abre «Curva», elige el ejemplar en la celda verde y revisa la gráfica. La curva se actualiza al cambiar de ejemplar.
B17: Paso 5 | C17: Usa siempre la misma báscula y las mismas condiciones de pesaje cuando sea posible, para que las comparaciones tengan sentido.
B19: Colores y celdas
B20: Celdas blancas | C20: Son para que escribas o elijas de una lista.
B21: Celdas grises | C21: Se calculan solas con fórmulas: no las borres ni escribas encima.
B22: Filas de EJEMPLO | C22: Las filas marcadas con la palabra EJEMPLO (fondo dorado claro) solo muestran cómo se llena. Bórralas antes de empezar con tus datos reales: selecciona la fila y usa «Eliminar contenido» para conservar las fórmulas.
B24: Ten en cuenta
C25: La gráfica muestra hasta 40 pesajes por ejemplar. Si tienes más, usa un ejemplar con otro identificador por periodo.
C26: Un peso por sí solo no dice si un animal está sano: esta hoja no emite diagnósticos ni valores de referencia.
B28: Aviso
C29: Material de apoyo de Zoorigen: no sustituye el criterio profesional ni la asesoría legal. Consulta siempre la normatividad vigente.

Sheet Ejemplares
A1: Ejemplares
A2: Zoorigen · Material de apoyo
A4: Identificador | B4: Nombre común | C4: Nombre científico | D4: Sexo | E4: Nacimiento o ingreso | F4: Unidad de peso | G4: Nota
A5: EJ-001 | B5: Especie de ejemplo A | C5: (escribe el nombre científico) | D5: Hembra | E5: 46097 | F5: kg | G5: EJEMPLO
A6: EJ-002 | B6: Especie de ejemplo B | C6: (escribe el nombre científico) | D6: Macho | E6: 46127 | F6: g | G6: EJEMPLO

Sheet Registro
A1: Registro de pesajes
A2: Zoorigen · Material de apoyo. Escribe los pesajes de cada ejemplar del más antiguo al más reciente.
A4: Ejemplar | B4: Fecha | C4: Peso | D4: Unidad | E4: Observaciones | F4: N.º de pesaje | G4: Clave | H4: Cambio de peso | I4: Días desde el pesaje anterior | J4: Ganancia por día
A5: EJ-001 | B5: 46217 | C5: 2.4 | D5: =IF(A5="","",IFERROR(INDEX(Ejemplares!$F$5:$F$64,MATCH(A5,Ejemplares!$A$5:$A$64,0)),"")) | F5: =IF(A5="","",COUNTIF($A$5:$A5,A5)) | G5: =IF(A5="","",A5&"|"&F5) | H5: =IF(OR(F5="",F5<2,C5=""),"",IFERROR(C5-INDEX($C$5:$C$504,MATCH(A5&"|"&(F5-1),$G$5:$G$504,0)),"")) | I5: =IF(OR(F5="",F5<2,B5=""),"",IFERROR(B5-INDEX($B$5:$B$504,MATCH(A5&"|"&(F5-1),$G$5:$G$504,0)),"")) | J5: =IF(OR(H5="",I5="",I5=0),"",H5/I5)
A6: EJ-001 | B6: 46247 | C6: 3.1 | D6: =IF(A6="","",IFERROR(INDEX(Ejemplares!$F$5:$F$64,MATCH(A6,Ejemplares!$A$5:$A$64,0)),"")) | F6: =IF(A6="","",COUNTIF($A$5:$A6,A6)) | G6: =IF(A6="","",A6&"|"&F6) | H6: =IF(OR(F6="",F6<2,C6=""),"",IFERROR(C6-INDEX($C$5:$C$504,MATCH(A6&"|"&(F6-1),$G$5:$G$504,0)),"")) | I6: =IF(OR(F6="",F6<2,B6=""),"",IFERROR(B6-INDEX($B$5:$B$504,MATCH(A6&"|"&(F6-1),$G$5:$G$504,0)),"")) | J6: =IF(OR(H6="",I6="",I6=0),"",H6/I6)
A7: EJ-001 | B7: 46277 | C7: 3.9 | D7: =IF(A7="","",IFERROR(INDEX(Ejemplares!$F$5:$F$64,MATCH(A7,Ejemplares!$A$5:$A$64,0)),"")) | F7: =IF(A7="","",COUNTIF($A$5:$A7,A7)) | G7: =IF(A7="","",A7&"|"&F7) | H7: =IF(OR(F7="",F7<2,C7=""),"",IFERROR(C7-INDEX($C$5:$C$504,MATCH(A7&"|"&(F7-1),$G$5:$G$504,0)),"")) | I7: =IF(OR(F7="",F7<2,B7=""),"",IFERROR(B7-INDEX($B$5:$B$504,MATCH(A7&"|"&(F7-1),$G$5:$G$504,0)),"")) | J7: =IF(OR(H7="",I7="",I7=0),"",H7/I7)
A8: EJ-001 | B8: 46307 | C8: 4.5 | D8: =IF(A8="","",IFERROR(INDEX(Ejemplares!$F$5:$F$64,MATCH(A8,Ejemplares!$A$5:$A$64,0)),"")) | F8: =IF(A8="","",COUNTIF($A$5:$A8,A8)) | G8: =IF(A8="","",A8&"|"&F8) | H8: =IF(OR(F8="",F8<2,C8=""),"",IFERROR(C8-INDEX($C$5:$C$504,MATCH(A8&"|"&(F8-1),$G$5:$G$504,0)),"")) | I8: =IF(OR(F8="",F8<2,B8=""),"",IFERROR(B8-INDEX($B$5:$B$504,MATCH(A8&"|"&(F8-1),$G$5:$G$504,0)),"")) | J8: =IF(OR(H8="",I8="",I8=0),"",H8/I8)
A9: EJ-002 | B9: 46227 | C9: 310 | D9: =IF(A9="","",IFERROR(INDEX(Ejemplares!$F$5:$F$64,MATCH(A9,Ejemplares!$A$5:$A$64,0)),"")) | F9: =IF(A9="","",COUNTIF($A$5:$A9,A9)) | G9: =IF(A9="","",A9&"|"&F9) | H9: =IF(OR(F9="",F9<2,C9=""),"",IFERROR(C9-INDEX($C$5:$C$504,MATCH(A9&"|"&(F9-1),$G$5:$G$504,0)),"")) | I9: =IF(OR(F9="",F9<2,B9=""),"",IFERROR(B9-INDEX($B$5:$B$504,MATCH(A9&"|"&(F9-1),$G$5:$G$504,0)),"")) | J9: =IF(OR(H9="",I9="",I9=0),"",H9/I9)
A10: EJ-002 | B10: 46257 | C10: 365 | D10: =IF(A10="","",IFERROR(INDEX(Ejemplares!$F$5:$F$64,MATCH(A10,Ejemplares!$A$5:$A$64,0)),"")) | F10: =IF(A10="","",COUNTIF($A$5:$A10,A10)) | G10: =IF(A10="","",A10&"|"&F10) | H10: =IF(OR(F10="",F10<2,C10=""),"",IFERROR(C10-INDEX($C$5:$C$504,MATCH(A10&"|"&(F10-1),$G$5:$G$504,0)),"")) | I10: =IF(OR(F10="",F10<2,B10=""),"",IFERROR(B10-INDEX($B$5:$B$504,MATCH(A10&"|"&(F10-1),$G$5:$G$504,0)),"")) | J10: =IF(OR(H10="",I10="",I10=0),"",H10/I10)
A11: EJ-002 | B11: 46287 | C11: 402 | D11: =IF(A11="","",IFERROR(INDEX(Ejemplares!$F$5:$F$64,MATCH(A11,Ejemplares!$A$5:$A$64,0)),"")) | F11: =IF(A11="","",COUNTIF($A$5:$A11,A11)) | G11: =IF(A11="","",A11&"|"&F11) | H11: =IF(OR(F11="",F11<2,C11=""),"",IFERROR(C11-INDEX($C$5:$C$504,MATCH(A11&"|"&(F11-1),$G$5:$G$504,0)),"")) | I11: =IF(OR(F11="",F11<2,B11=""),"",IFERROR(B11-INDEX($B$5:$B$504,MATCH(A11&"|"&(F11-1),$G$5:$G$504,0)),"")) | J11: =IF(OR(H11="",I11="",I11=0),"",H11/I11)
D12: =IF(A12="","",IFERROR(INDEX(Ejemplares!$F$5:$F$64,MATCH(A12,Ejemplares!$A$5:$A$64,0)),"")) | F12: =IF(A12="","",COUNTIF($A$5:$A12,A12)) | G12: =IF(A12="","",A12&"|"&F12) | H12: =IF(OR(F12="",F12<2,C12=""),"",IFERROR(C12-INDEX($C$5:$C$504,MATCH(A12&"|"&(F12-1),$G$5:$G$504,0)),"")) | I12: =IF(OR(F12="",F12<2,B12=""),"",IFERROR(B12-INDEX($B$5:$B$504,MATCH(A12&"|"&(F12-1),$G$5:$G$504,0)),"")) | J12: =IF(OR(H12="",I12="",I12=0),"",H12/I12)
D13: =IF(A13="","",IFERROR(INDEX(Ejemplares!$F$5:$F$64,MATCH(A13,Ejemplares!$A$5:$A$64,0)),"")) | F13: =IF(A13="","",COUNTIF($A$5:$A13,A13)) | G13: =IF(A13="","",A13&"|"&F13) | H13: =IF(OR(F13="",F13<2,C13=""),"",IFERROR(C13-INDEX($C$5:$C$504,MATCH(A13&"|"&(F13-1),$G$5:$G$504,0)),"")) | I13: =IF(OR(F13="",F13<2,B13=""),"",IFERROR(B13-INDEX($B$5:$B$504,MATCH(A13&"|"&(F13-1),$G$5:$G$504,0)),"")) | J13: =IF(OR(H13="",I13="",I13=0),"",H13/I13)
D14: =IF(A14="","",IFERROR(INDEX(Ejemplares!$F$5:$F$64,MATCH(A14,Ejemplares!$A$5:$A$64,0)),"")) | F14: =IF(A14="","",COUNTIF($A$5:$A14,A14)) | G14: =IF(A14="","",A14&"|"&F14) | H14: =IF(OR(F14="",F14<2,C14=""),"",IFERROR(C14-INDEX($C$5:$C$504,MATCH(A14&"|"&(F14-1),$G$5:$G$504,0)),"")) | I14: =IF(OR(F14="",F14<2,B14=""),"",IFERROR(B14-INDEX($B$5:$B$504,MATCH(A14&"|"&(F14-1),$G$5:$G$504,0)),"")) | J14: =IF(OR(H14="",I14="",I14=0),"",H14/I14)
D15: =IF(A15="","",IFERROR(INDEX(Ejemplares!$F$5:$F$64,MATCH(A15,Ejemplares!$A$5:$A$64,0)),"")) | F15: =IF(A15="","",COUNTIF($A$5:$A15,A15)) | G15: =IF(A15="","",A15&"|"&F15) | H15: =IF(OR(F15="",F15<2,C15=""),"",IFERROR(C15-INDEX($C$5:$C$504,MATCH(A15&"|"&(F15-1),$G$5:$G$504,0)),"")) | I15: =IF(OR(F15="",F15<2,B15=""),"",IFERROR(B15-INDEX($B$5:$B$504,MATCH(A15&"|"&(F15-1),$G$5:$G$504,0)),"")) | J15: =IF(OR(H15="",I15="",I15=0),"",H15/I15)
D16: =IF(A16="","",IFERROR(INDEX(Ejemplares!$F$5:$F$64,MATCH(A16,Ejemplares!$A$5:$A$64,0)),"")) | F16: =IF(A16="","",COUNTIF($A$5:$A16,A16)) | G16: =IF(A16="","",A16&"|"&F16) | H16: =IF(OR(F16="",F16<2,C16=""),"",IFERROR(C16-INDEX($C$5:$C$504,MATCH(A16&"|"&(F16-1),$G$5:$G$504,0)),"")) | I16: =IF(OR(F16="",F16<2,B16=""),"",IFERROR(B16-INDEX($B$5:$B$504,MATCH(A16&"|"&(F16-1),$G$5:$G$504,0)),"")) | J16: =IF(OR(H16="",I16="",I16=0),"",H16/I16)
D17: =IF(A17="","",IFERROR(INDEX(Ejemplares!$F$5:$F$64,MATCH(A17,Ejemplares!$A$5:$A$64,0)),"")) | F17: =IF(A17="","",COUNTIF($A$5:$A17,A17)) | G17: =IF(A17="","",A17&"|"&F17) | H17: =IF(OR(F17="",F17<2,C17=""),"",IFERROR(C17-INDEX($C$5:$C$504,MATCH(A17&"|"&(F17-1),$G$5:$G$504,0)),"")) | I17: =IF(OR(F17="",F17<2,B17=""),"",IFERROR(B17-INDEX($B$5:$B$504,MATCH(A17&"|"&(F17-1),$G$5:$G$504,0)),"")) | J17: =IF(OR(H17="",I17="",I17=0),"",H17/I17)
D18: =IF(A18="","",IFERROR(INDEX(Ejemplares!$F$5:$F$64,MATCH(A18,Ejemplares!$A$5:$A$64,0)),"")) | F18: =IF(A18="","",COUNTIF($A$5:$A18,A18)) | G18: =IF(A18="","",A18&"|"&F18) | H18: =IF(OR(F18="",F18<2,C18=""),"",IFERROR(C18-INDEX($C$5:$C$504,MATCH(A18&"|"&(F18-1),$G$5:$G$504,0)),"")) | I18: =IF(OR(F18="",F18<2,B18=""),"",IFERROR(B18-INDEX($B$5:$B$504,MATCH(A18&"|"&(F18-1),$G$5:$G$504,0)),"")) | J18: =IF(OR(H18="",I18="",I18=0),"",H18/I18)
D19: =IF(A19="","",IFERROR(INDEX(Ejemplares!$F$5:$F$64,MATCH(A19,Ejemplares!$A$5:$A$64,0)),"")) | F19: =IF(A19="","",COUNTIF($A$5:$A19,A19)) | G19: =IF(A19="","",A19&"|"&F19) | H19: =IF(OR(F19="",F19<2,C19=""),"",IFERROR(C19-INDEX($C$5:$C$504,MATCH(A19&"|"&(F19-1),$G$5:$G$504,0)),"")) | I19: =IF(OR(F19="",F19<2,B19=""),"",IFERROR(B19-INDEX($B$5:$B$504,MATCH(A19&"|"&(F19-1),$G$5:$G$504,0)),"")) | J19: =IF(OR(H19="",I19="",I19=0),"",H19/I19)
D20: =IF(A20="","",IFERROR(INDEX(Ejemplares!$F$5:$F$64,MATCH(A20,Ejemplares!$A$5:$A$64,0)),"")) | F20: =IF(A20="","",COUNTIF($A$5:$A20,A20)) | G20: =IF(A20="","",A20&"|"&F20) | H20: =IF(OR(F20="",F20<2,C20=""),"",IFERROR(C20-INDEX($C$5:$C$504,MATCH(A20&"|"&(F20-1),$G$5:$G$504,0)),"")) | I20: =IF(OR(F20="",F20<2,B20=""),"",IFERROR(B20-INDEX($B$5:$B$504,MATCH(A20&"|"&(F20-1),$G$5:$G$504,0)),"")) | J20: =IF(OR(H20="",I20="",I20=0),"",H20/I20)
D21: =IF(A21="","",IFERROR(INDEX(Ejemplares!$F$5:$F$64,MATCH(A21,Ejemplares!$A$5:$A$64,0)),"")) | F21: =IF(A21="","",COUNTIF($A$5:$A21,A21)) | G21: =IF(A21="","",A21&"|"&F21) | H21: =IF(OR(F21="",F21<2,C21=""),"",IFERROR(C21-INDEX($C$5:$C$504,MATCH(A21&"|"&(F21-1),$G$5:$G$504,0)),"")) | I21: =IF(OR(F21="",F21<2,B21=""),"",IFERROR(B21-INDEX($B$5:$B$504,MATCH(A21&"|"&(F21-1),$G$5:$G$504,0)),"")) | J21: =IF(OR(H21="",I21="",I21=0),"",H21/I21)
D22: =IF(A22="","",IFERROR(INDEX(Ejemplares!$F$5:$F$64,MATCH(A22,Ejemplares!$A$5:$A$64,0)),"")) | F22: =IF(A22="","",COUNTIF($A$5:$A22,A22)) | G22: =IF(A22="","",A22&"|"&F22) | H22: =IF(OR(F22="",F22<2,C22=""),"",IFERROR(C22-INDEX($C$5:$C$504,MATCH(A22&"|"&(F22-1),$G$5:$G$504,0)),"")) | I22: =IF(OR(F22="",F22<2,B22=""),"",IFERROR(B22-INDEX($B$5:$B$504,MATCH(A22&"|"&(F22-1),$G$5:$G$504,0)),"")) | J22: =IF(OR(H22="",I22="",I22=0),"",H22/I22)
D23: =IF(A23="","",IFERROR(INDEX(Ejemplares!$F$5:$F$64,MATCH(A23,Ejemplares!$A$5:$A$64,0)),"")) | F23: =IF(A23="","",COUNTIF($A$5:$A23,A23)) | G23: =IF(A23="","",A23&"|"&F23) | H23: =IF(OR(F23="",F23<2,C23=""),"",IFERROR(C23-INDEX($C$5:$C$504,MATCH(A23&"|"&(F23-1),$G$5:$G$504,0)),"")) | I23: =IF(OR(F23="",F23<2,B23=""),"",IFERROR(B23-INDEX($B$5:$B$504,MATCH(A23&"|"&(F23-1),$G$5:$G$504,0)),"")) | J23: =IF(OR(H23="",I23="",I23=0),"",H23/I23)
... D504: =IF(A504="","",IFERROR(INDEX(Ejemplares!$F$5:$F$64,MATCH(A504,Ejemplares!$A$5:$A$64,0)),"")) | F504: =IF(A504="","",COUNTIF($A$5:$A504,A504)) | G504: =IF(A504="","",A504&"|"&F504) | H504: =IF(OR(F504="",F504<2,C504=""),"",IFERROR(C504-INDEX($C$5:$C$504,MATCH(A504&"|"&(F504-1),$G$5:$G$504,0)),"")) | I504: =IF(OR(F504="",F504<2,B504=""),"",IFERROR(B504-INDEX($B$5:$B$504,MATCH(A504&"|"&(F504-1),$G$5:$G$504,0)),"")) | J504: =IF(OR(H504="",I504="",I504=0),"",H504/I504)

Sheet Curva
A1: Curva de crecimiento
A2: Elige un ejemplar en la celda verde. La tabla y la gráfica se actualizan solas.
A3: Ejemplar: | B3: EJ-001
A5: N.º | B5: Fecha | C5: Días desde el primer pesaje | D5: Peso | E5: Cambio vs. anterior | F5: Ganancia por día
A6: 1 | B6: =IFERROR(INDEX(Registro!$B$5:$B$504,MATCH($B$3&"|"&$A6,Registro!$G$5:$G$504,0)),NA()) | C6: =IF(ISNA(B6),NA(),B6-$B$6) | D6: =IFERROR(INDEX(Registro!$C$5:$C$504,MATCH($B$3&"|"&$A6,Registro!$G$5:$G$504,0)),NA()) | E6: =IFERROR(IF(INDEX(Registro!$H$5:$H$504,MATCH($B$3&"|"&$A6,Registro!$G$5:$G$504,0))="",NA(),INDEX(Registro!$H$5:$H$504,MATCH($B$3&"|"&$A6,Registro!$G$5:$G$504,0))),NA()) | F6: =IFERROR(IF(INDEX(Registro!$J$5:$J$504,MATCH($B$3&"|"&$A6,Registro!$G$5:$G$504,0))="",NA(),INDEX(Registro!$J$5:$J$504,MATCH($B$3&"|"&$A6,Registro!$G$5:$G$504,0))),NA())
A7: 2 | B7: =IFERROR(INDEX(Registro!$B$5:$B$504,MATCH($B$3&"|"&$A7,Registro!$G$5:$G$504,0)),NA()) | C7: =IF(ISNA(B7),NA(),B7-$B$6) | D7: =IFERROR(INDEX(Registro!$C$5:$C$504,MATCH($B$3&"|"&$A7,Registro!$G$5:$G$504,0)),NA()) | E7: =IFERROR(IF(INDEX(Registro!$H$5:$H$504,MATCH($B$3&"|"&$A7,Registro!$G$5:$G$504,0))="",NA(),INDEX(Registro!$H$5:$H$504,MATCH($B$3&"|"&$A7,Registro!$G$5:$G$504,0))),NA()) | F7: =IFERROR(IF(INDEX(Registro!$J$5:$J$504,MATCH($B$3&"|"&$A7,Registro!$G$5:$G$504,0))="",NA(),INDEX(Registro!$J$5:$J$504,MATCH($B$3&"|"&$A7,Registro!$G$5:$G$504,0))),NA())
A8: 3 | B8: =IFERROR(INDEX(Registro!$B$5:$B$504,MATCH($B$3&"|"&$A8,Registro!$G$5:$G$504,0)),NA()) | C8: =IF(ISNA(B8),NA(),B8-$B$6) | D8: =IFERROR(INDEX(Registro!$C$5:$C$504,MATCH($B$3&"|"&$A8,Registro!$G$5:$G$504,0)),NA()) | E8: =IFERROR(IF(INDEX(Registro!$H$5:$H$504,MATCH($B$3&"|"&$A8,Registro!$G$5:$G$504,0))="",NA(),INDEX(Registro!$H$5:$H$504,MATCH($B$3&"|"&$A8,Registro!$G$5:$G$504,0))),NA()) | F8: =IFERROR(IF(INDEX(Registro!$J$5:$J$504,MATCH($B$3&"|"&$A8,Registro!$G$5:$G$504,0))="",NA(),INDEX(Registro!$J$5:$J$504,MATCH($B$3&"|"&$A8,Registro!$G$5:$G$504,0))),NA())
A9: 4 | B9: =IFERROR(INDEX(Registro!$B$5:$B$504,MATCH($B$3&"|"&$A9,Registro!$G$5:$G$504,0)),NA()) | C9: =IF(ISNA(B9),NA(),B9-$B$6) | D9: =IFERROR(INDEX(Registro!$C$5:$C$504,MATCH($B$3&"|"&$A9,Registro!$G$5:$G$504,0)),NA()) | E9: =IFERROR(IF(INDEX(Registro!$H$5:$H$504,MATCH($B$3&"|"&$A9,Registro!$G$5:$G$504,0))="",NA(),INDEX(Registro!$H$5:$H$504,MATCH($B$3&"|"&$A9,Registro!$G$5:$G$504,0))),NA()) | F9: =IFERROR(IF(INDEX(Registro!$J$5:$J$504,MATCH($B$3&"|"&$A9,Registro!$G$5:$G$504,0))="",NA(),INDEX(Registro!$J$5:$J$504,MATCH($B$3&"|"&$A9,Registro!$G$5:$G$504,0))),NA())
A10: 5 | B10: =IFERROR(INDEX(Registro!$B$5:$B$504,MATCH($B$3&"|"&$A10,Registro!$G$5:$G$504,0)),NA()) | C10: =IF(ISNA(B10),NA(),B10-$B$6) | D10: =IFERROR(INDEX(Registro!$C$5:$C$504,MATCH($B$3&"|"&$A10,Registro!$G$5:$G$504,0)),NA()) | E10: =IFERROR(IF(INDEX(Registro!$H$5:$H$504,MATCH($B$3&"|"&$A10,Registro!$G$5:$G$504,0))="",NA(),INDEX(Registro!$H$5:$H$504,MATCH($B$3&"|"&$A10,Registro!$G$5:$G$504,0))),NA()) | F10: =IFERROR(IF(INDEX(Registro!$J$5:$J$504,MATCH($B$3&"|"&$A10,Registro!$G$5:$G$504,0))="",NA(),INDEX(Registro!$J$5:$J$504,MATCH($B$3&"|"&$A10,Registro!$G$5:$G$504,0))),NA())
A11: 6 | B11: =IFERROR(INDEX(Registro!$B$5:$B$504,MATCH($B$3&"|"&$A11,Registro!$G$5:$G$504,0)),NA()) | C11: =IF(ISNA(B11),NA(),B11-$B$6) | D11: =IFERROR(INDEX(Registro!$C$5:$C$504,MATCH($B$3&"|"&$A11,Registro!$G$5:$G$504,0)),NA()) | E11: =IFERROR(IF(INDEX(Registro!$H$5:$H$504,MATCH($B$3&"|"&$A11,Registro!$G$5:$G$504,0))="",NA(),INDEX(Registro!$H$5:$H$504,MATCH($B$3&"|"&$A11,Registro!$G$5:$G$504,0))),NA()) | F11: =IFERROR(IF(INDEX(Registro!$J$5:$J$504,MATCH($B$3&"|"&$A11,Registro!$G$5:$G$504,0))="",NA(),INDEX(Registro!$J$5:$J$504,MATCH($B$3&"|"&$A11,Registro!$G$5:$G$504,0))),NA())
A12: 7 | B12: =IFERROR(INDEX(Registro!$B$5:$B$504,MATCH($B$3&"|"&$A12,Registro!$G$5:$G$504,0)),NA()) | C12: =IF(ISNA(B12),NA(),B12-$B$6) | D12: =IFERROR(INDEX(Registro!$C$5:$C$504,MATCH($B$3&"|"&$A12,Registro!$G$5:$G$504,0)),NA()) | E12: =IFERROR(IF(INDEX(Registro!$H$5:$H$504,MATCH($B$3&"|"&$A12,Registro!$G$5:$G$504,0))="",NA(),INDEX(Registro!$H$5:$H$504,MATCH($B$3&"|"&$A12,Registro!$G$5:$G$504,0))),NA()) | F12: =IFERROR(IF(INDEX(Registro!$J$5:$J$504,MATCH($B$3&"|"&$A12,Registro!$G$5:$G$504,0))="",NA(),INDEX(Registro!$J$5:$J$504,MATCH($B$3&"|"&$A12,Registro!$G$5:$G$504,0))),NA())
A13: 8 | B13: =IFERROR(INDEX(Registro!$B$5:$B$504,MATCH($B$3&"|"&$A13,Registro!$G$5:$G$504,0)),NA()) | C13: =IF(ISNA(B13),NA(),B13-$B$6) | D13: =IFERROR(INDEX(Registro!$C$5:$C$504,MATCH($B$3&"|"&$A13,Registro!$G$5:$G$504,0)),NA()) | E13: =IFERROR(IF(INDEX(Registro!$H$5:$H$504,MATCH($B$3&"|"&$A13,Registro!$G$5:$G$504,0))="",NA(),INDEX(Registro!$H$5:$H$504,MATCH($B$3&"|"&$A13,Registro!$G$5:$G$504,0))),NA()) | F13: =IFERROR(IF(INDEX(Registro!$J$5:$J$504,MATCH($B$3&"|"&$A13,Registro!$G$5:$G$504,0))="",NA(),INDEX(Registro!$J$5:$J$504,MATCH($B$3&"|"&$A13,Registro!$G$5:$G$504,0))),NA())
A14: 9 | B14: =IFERROR(INDEX(Registro!$B$5:$B$504,MATCH($B$3&"|"&$A14,Registro!$G$5:$G$504,0)),NA()) | C14: =IF(ISNA(B14),NA(),B14-$B$6) | D14: =IFERROR(INDEX(Registro!$C$5:$C$504,MATCH($B$3&"|"&$A14,Registro!$G$5:$G$504,0)),NA()) | E14: =IFERROR(IF(INDEX(Registro!$H$5:$H$504,MATCH($B$3&"|"&$A14,Registro!$G$5:$G$504,0))="",NA(),INDEX(Registro!$H$5:$H$504,MATCH($B$3&"|"&$A14,Registro!$G$5:$G$504,0))),NA()) | F14: =IFERROR(IF(INDEX(Registro!$J$5:$J$504,MATCH($B$3&"|"&$A14,Registro!$G$5:$G$504,0))="",NA(),INDEX(Registro!$J$5:$J$504,MATCH($B$3&"|"&$A14,Registro!$G$5:$G$504,0))),NA())
A15: 10 | B15: =IFERROR(INDEX(Registro!$B$5:$B$504,MATCH($B$3&"|"&$A15,Registro!$G$5:$G$504,0)),NA()) | C15: =IF(ISNA(B15),NA(),B15-$B$6) | D15: =IFERROR(INDEX(Registro!$C$5:$C$504,MATCH($B$3&"|"&$A15,Registro!$G$5:$G$504,0)),NA()) | E15: =IFERROR(IF(INDEX(Registro!$H$5:$H$504,MATCH($B$3&"|"&$A15,Registro!$G$5:$G$504,0))="",NA(),INDEX(Registro!$H$5:$H$504,MATCH($B$3&"|"&$A15,Registro!$G$5:$G$504,0))),NA()) | F15: =IFERROR(IF(INDEX(Registro!$J$5:$J$504,MATCH($B$3&"|"&$A15,Registro!$G$5:$G$504,0))="",NA(),INDEX(Registro!$J$5:$J$504,MATCH($B$3&"|"&$A15,Registro!$G$5:$G$504,0))),NA())
A16: 11 | B16: =IFERROR(INDEX(Registro!$B$5:$B$504,MATCH($B$3&"|"&$A16,Registro!$G$5:$G$504,0)),NA()) | C16: =IF(ISNA(B16),NA(),B16-$B$6) | D16: =IFERROR(INDEX(Registro!$C$5:$C$504,MATCH($B$3&"|"&$A16,Registro!$G$5:$G$504,0)),NA()) | E16: =IFERROR(IF(INDEX(Registro!$H$5:$H$504,MATCH($B$3&"|"&$A16,Registro!$G$5:$G$504,0))="",NA(),INDEX(Registro!$H$5:$H$504,MATCH($B$3&"|"&$A16,Registro!$G$5:$G$504,0))),NA()) | F16: =IFERROR(IF(INDEX(Registro!$J$5:$J$504,MATCH($B$3&"|"&$A16,Registro!$G$5:$G$504,0))="",NA(),INDEX(Registro!$J$5:$J$504,MATCH($B$3&"|"&$A16,Registro!$G$5:$G$504,0))),NA())
A17: 12 | B17: =IFERROR(INDEX(Registro!$B$5:$B$504,MATCH($B$3&"|"&$A17,Registro!$G$5:$G$504,0)),NA()) | C17: =IF(ISNA(B17),NA(),B17-$B$6) | D17: =IFERROR(INDEX(Registro!$C$5:$C$504,MATCH($B$3&"|"&$A17,Registro!$G$5:$G$504,0)),NA()) | E17: =IFERROR(IF(INDEX(Registro!$H$5:$H$504,MATCH($B$3&"|"&$A17,Registro!$G$5:$G$504,0))="",NA(),INDEX(Registro!$H$5:$H$504,MATCH($B$3&"|"&$A17,Registro!$G$5:$G$504,0))),NA()) | F17: =IFERROR(IF(INDEX(Registro!$J$5:$J$504,MATCH($B$3&"|"&$A17,Registro!$G$5:$G$504,0))="",NA(),INDEX(Registro!$J$5:$J$504,MATCH($B$3&"|"&$A17,Registro!$G$5:$G$504,0))),NA())
... A45: 40 | B45: =IFERROR(INDEX(Registro!$B$5:$B$504,MATCH($B$3&"|"&$A45,Registro!$G$5:$G$504,0)),NA()) | C45: =IF(ISNA(B45),NA(),B45-$B$6) | D45: =IFERROR(INDEX(Registro!$C$5:$C$504,MATCH($B$3&"|"&$A45,Registro!$G$5:$G$504,0)),NA()) | E45: =IFERROR(IF(INDEX(Registro!$H$5:$H$504,MATCH($B$3&"|"&$A45,Registro!$G$5:$G$504,0))="",NA(),INDEX(Registro!$H$5:$H$504,MATCH($B$3&"|"&$A45,Registro!$G$5:$G$504,0))),NA()) | F45: =IFERROR(IF(INDEX(Registro!$J$5:$J$504,MATCH($B$3&"|"&$A45,Registro!$G$5:$G$504,0))="",NA(),INDEX(Registro!$J$5:$J$504,MATCH($B$3&"|"&$A45,Registro!$G$5:$G$504,0))),NA())
A47: Los #N/A (en gris claro) son filas sin pesaje: es normal y así la gráfica no dibuja puntos vacíos.
